Year,Volcanic Explosivity Index,Volcano Type,Flag Tsunami,Flag Earthquake,Name and country
-141,,Estratovolcán,False,False,Etna (Italy)
1262,3,Volcán subglacial,False,False,Katla (Iceland)
1300,4,Estratovolcán,False,False,Hekla (Iceland)
1331,2,Caldera,False,False,Aso (Japan)
1714,,Volcán complejo,True,False,Vesuvius (Italy)
1907,,Volcán en escudo,True,False,Savai'i (Samoa)
1911,2,Volcán complejo,False,False,Asama (Japan)
1913,4,Estratovolcán,False,False,Colima (Mexico)
1944,3,Estratovolcán,False,False,Cleveland (United States)
1952,2,Volcán submarino,True,False,Myojun Knoll (Japan)
1960,3,Estratovolcán,True,True,Puyehue (Chile)
1971,2,Estratovolcán,False,False,La Palma (Spain)
1972,1,Estratovolcán,True,False,Ritter Island (Papua New Guinea)
1979,3,Estratovolcán,False,False,Soufriere St. Vincent (St. Vincent & the Grenadines)
1983,3,Estratovolcán,False,True,Miyake-jima (Japan)
1984,3,Estratovolcán,False,False,Etna (Italy)
1990,2,Caldera,False,False,Aso (Japan)
1991,2,Estratovolcán,False,False,Etna (Italy)
1994,3,Estratovolcán,False,False,Semeru (Indonesia)
2007,,Estratovolcán,False,False,Salak (Indonesia)
2017,2,Estratovolcán,False,False,Fuego (Guatemala)
2017,,Volcán en escudo,False,False,Aoba (Vanuatu)
2018,3,Volcán en escudo,False,False,Aoba (Vanuatu)
2019,2,Estratovolcán,True,False,Stromboli (Italy)
1593,5,Estratovolcán,False,False,Raung (Indonesia)
1609,,Cono piroclástico,False,False,Tengchong (China)
1692,4,Estratovolcán,False,False,Serua (Pacific Ocean)
1718,2,Estratovolcán,False,False,Pico (Portugal)
1846,,Caldera,False,False,Taupo (New Zealand)
1866,2,Volcán en escudo,False,False,Santorini (Greece)
1877,0,Volcán en escudo,True,True,Mauna Loa (United States)
1883,3,Cono de lava,False,False,Bagana (Papua New Guinea)
1886,4,Volcán en escudo,False,False,Niuafo'ou (Tonga)
1896,2,Volcán en escudo,False,False,Kirishima (Japan)
1902,4,Estratovolcán,True,False,Pelee (Martinique)
1914,,Volcán en escudo,False,False,Aoba (Vanuatu)
1923,1,Estratovolcán,False,False,Papandayan (Indonesia)
1928,2,Volcán en escudo,False,False,Santorini (Greece)
1947,,Estratovolcán,False,False,Akagi (Japan)
1963,5,Estratovolcán,True,False,Agung (Indonesia)
1963,2,Estratovolcán,False,False,Semeru (Indonesia)
1965,4,Estratovolcán,True,False,Taal (Philippines)
1973,3,Volcán submarino,False,False,Vestmannaeyjar (Iceland)
1974,3,Estratovolcán,False,False,Karangetang [Api Siau] (Indonesia)
1975,0,Volcán en escudo,True,True,Kilauea (United States)
1982,5,Cono de toba,False,False,"Chichon, El (Mexico)"
1986,3,Maar,False,False,Oku Volc Field (Cameroon)
1992,3,Estratovolcán,False,False,Semeru (Indonesia)
1994,3,Estratovolcán,False,False,Yasur (Vanuatu)
1998,,Estratovolcán,False,False,San Cristobal (Nicaragua)
2004,2,Estratovolcán,False,False,Tengger Caldera (Indonesia)
2007,,Estratovolcán,False,False,Huila (Colombia)
2008,,Caldera,False,False,Chaiten (Chile)
2008,3,Estratovolcán,True,False,Kasatochi (United States)
2017,,Estratovolcán,False,False,Merapi (Indonesia)
-4050,6,Caldera,False,False,Masaya (Nicaragua)
-2420,5,Volcán complejo,False,False,Vesuvius (Italy)
79,5,Volcán complejo,True,True,Vesuvius (Italy)
1375,5,Cono de toba,False,False,"Chichon, El (Mexico)"
1376,3,Estratovolcán,False,False,Kelut (Indonesia)
1538,3,Caldera,False,False,Campi Flegrei (Italy)
1664,2,Volcán complejo,False,False,Unzen (Japan)
1698,3,Estratovolcán,False,False,Cotopaxi (Ecuador)
1775,3,Estratovolcán,False,False,Gamalama (Indonesia)
1800,2,Estratovolcán,False,False,Mayon (Philippines)
1822,4,Estratovolcán,False,False,Usu (Japan)
1822,5,Estratovolcán,False,False,Galunggung (Indonesia)
1840,2,Estratovolcán,True,False,Gamalama (Indonesia)
1874,3,Estratovolcán,False,False,Miyake-jima (Japan)
1911,,Volcán de lodo,True,False,Piparo (Trinidad)
1911,3,Estratovolcán,False,False,Semeru (Indonesia)
1916,3,Estratovolcán,True,False,Stromboli (Italy)
1928,2,Volcán complejo,False,False,Dieng Volc Complex (Indonesia)
1933,2,Estratovolcán,True,False,Bulusan (Philippines)
1944,2,Estratovolcán,False,False,Usu (Japan)
1953,,Estratovolcán,False,False,Ruapehu (New Zealand)
1966,4,Estratovolcán,False,False,Kelut (Indonesia)
1966,4,Estratovolcán,False,False,"Lengai, Ol Doinyo (Tanzania)"
1969,,Caldera,False,False,Narugo (Japan)
1971,3,Estratovolcán,False,False,"Hudson, Cerro (Chile)"
1973,2,Volcán complejo,False,False,Iliwerung (Indonesia)
1979,2,Estratovolcán,False,False,Karkar (Papua New Guinea)
1981,2,Estratovolcán,False,False,Etna (Italy)
1982,5,Cono de toba,False,True,"Chichon, El (Mexico)"
1993,2,Volcán complejo,False,False,Galeras (Colombia)
2002,3,Estratovolcán,False,True,Etna (Italy)
2008,,Estratovolcán,False,False,Huila (Colombia)
2011,4,Estratovolcán,False,False,Puyehue (Chile)
2013,,Cúpula de lava,False,False,Okataina (New Zealand)
2014,3,Volcán complejo,False,False,On-take (Japan)
2014,,Estratovolcán,False,False,Gamalama (Indonesia)
2018,,Estratovolcán,False,False,Mayon (Philippines)
2018,4,Estratovolcán,False,False,Manam (Papua New Guinea)
200,,Campo volcánico,False,False,"Arhab, Harra of (Yemen)"
640,2,Campo volcánico,False,False,"Uwayrid, Harrat (Saudi Arabia)"
1169,,Estratovolcán,True,False,Etna (Italy)
1600,6,Estratovolcán,False,True,Huaynaputina (Peru)
1629,2,Caldera,False,False,Grimsvotn (Iceland)
1717,3,Estratovolcán,False,False,Bardarbunga (Iceland)
1778,4,Estratovolcán,False,False,Raikoke (Russia)
1789,2,Estratovolcán,False,False,Oshima (Japan)
1805,2,Volcán complejo,False,False,Vesuvius (Italy)
1829,2,Volcán complejo,False,False,Guntur (Indonesia)
1837,,Volcán complejo,True,True,Peuet Sague (Indonesia)
1853,2,Volcán submarino,True,False,Unnamed (Taiwan)
1854,2,Caldera,False,False,Aso (Japan)
1860,2,Estratovolcán,False,False,Semeru (Indonesia)
1871,2,Estratovolcán,True,True,Camiguin (Philippines)
1875,5,Estratovolcán,False,False,Askja (Iceland)
1886,4,Estratovolcán,False,False,Tungurahua (Ecuador)
1886,2,Cúpula de lava,False,False,Okataina (New Zealand)
1893,4,Estratovolcán,False,False,Calbuco (Chile)
1951,3,Estratovolcán,False,False,Camiguin (Philippines)
1953,2,Volcán submarino,True,False,Myojun Knoll (Japan)
1957,,Volcán complejo,False,False,Unzen (Japan)
1981,3,Estratovolcán,False,False,Semeru (Indonesia)
1993,,Estratovolcán,False,False,Wurlali (Indonesia)
1993,1,Estratovolcán,False,False,Pinatubo (Philippines)
1996,2,Estratovolcán,False,False,Kanlaon (Philippines)
2013,,Estratovolcán,False,False,Mayon (Philippines)
2017,,Estratovolcán,False,False,Etna (Italy)
2017,,Volcán complejo,False,False,Dieng Volc Complex (Indonesia)
-1750,6,Estratovolcán,False,False,Veniaminof (United States)
847,6,Estratovolcán,False,False,Bona-Churchill (United States)
930,6,Estratovolcán,False,False,Ceboruco (Mexico)
1158,4,Estratovolcán,False,False,Hekla (Iceland)
1329,1,Estratovolcán,False,False,Etna (Italy)
1510,4,Estratovolcán,False,False,Hekla (Iceland)
1615,3,Caldera,False,False,Banda Api (Pacific Ocean)
1617,3,Estratovolcán,False,False,Fuego (Guatemala)
1646,4,Estratovolcán,False,False,Makian (Indonesia)
1677,2,Estratovolcán,False,False,La Palma (Spain)
1784,0,Volcán en escudo,False,False,Hualalai (United States)
1800,5,Estratovolcán,False,False,St. Helens (United States)
1820,2,Caldera,False,False,Banda Api (Pacific Ocean)
1827,2,Estratovolcán,True,True,Avachinsky (Russia)
1843,2,Estratovolcán,False,False,Etna (Italy)
1847,2,Volcán complejo,False,False,Dieng Volc Complex (Indonesia)
1857,,Volcán complejo,True,True,Umboi (Papua New Guinea)
1866,2,Volcán en escudo,True,False,Ofu-Olosega (United States)
1870,2,Estratovolcán,False,False,Ruang (Indonesia)
1870,3,Volcán complejo,False,False,Iliwerung (Indonesia)
1885,3,Estratovolcán,False,True,Purace (Colombia)
1897,2,Estratovolcán,True,False,Tinakula (Solomon Is.)
1902,4,Estratovolcán,True,False,Soufriere St. Vincent (St. Vincent & the Grenadines)
1903,,Volcán en escudo,False,False,Karthala (Comoros)
1932,3,Estratovolcán,False,False,Kusatsu-Shirane (Japan)
1951,2,Volcán submarino,True,False,Kavachi (Solomon Is.)
1971,,Estratovolcán,False,False,Kusatsu-Shirane (Japan)
1991,1,Estratovolcán,False,False,Lokon-Empung (Indonesia)
1995,3,Volcán complejo,False,False,Pacaya (Guatemala)
1998,,Volcán en escudo,False,False,Kilauea (United States)
1999,2,Estratovolcán,False,False,Fuego (Guatemala)
2011,3,Estratovolcán,False,False,Gamalama (Indonesia)
2017,,Estratovolcán,False,False,Sinabung (Indonesia)
-3550,6,Estratovolcán,False,False,Pinatubo (Philippines)
1050,,Volcán en escudo,True,False,Santorini (Greece)
1177,3,Volcán subglacial,False,False,Katla (Iceland)
1595,4,Estratovolcán,False,False,Ruiz (Colombia)
1598,3,Caldera,False,False,Banda Api (Pacific Ocean)
1638,4,Estratovolcán,False,False,Raung (Indonesia)
1659,3,Estratovolcán,False,True,San Salvador (El Salvador)
1684,2,Caldera,False,False,Grimsvotn (Iceland)
1693,4,Estratovolcán,True,False,Hekla (Iceland)
1694,3,Caldera,False,False,Banda Api (Pacific Ocean)
1794,3,Volcán complejo,False,False,Vesuvius (Italy)
1800,1,Fisura volcánica,False,False,San Jorge (Portugal)
1816,2,Caldera,False,False,Aso (Japan)
1817,2,Estratovolcán,False,False,Ijen (Indonesia)
1825,,Estratovolcán,False,False,Balbi (Papua New Guinea)
1846,1,Estratovolcán,False,False,E-san (Japan)
1875,,Estratovolcán,False,False,Mayon (Philippines)
1889,2,Volcán submarino,True,True,Banua Wuhu (Indonesia)
1912,6,Caldera,False,False,Novarupta (United States)
1953,,Volcán complejo,False,False,Hakone (Japan)
1961,,Estratovolcán,False,False,Daisetsu (Japan)
1964,1,Volcán complejo,False,False,Dieng Volc Complex (Indonesia)
1965,0,Volcán submarino,True,False,Kick-'em-Jenny (Netherlands)
1971,2,Estratovolcán,True,False,Tinakula (Solomon Is.)
1976,2,Estratovolcán,False,False,Semeru (Indonesia)
1976,2,Estratovolcán,False,False,Karangetang [Api Siau] (Indonesia)
1978,3,Estratovolcán,False,False,Santa Maria (Guatemala)
1983,2,Estratovolcán,False,False,Kliuchevskoi (Russia)
1986,3,Estratovolcán,False,False,Oshima (Japan)
1992,2,Estratovolcán,False,False,Karangetang [Api Siau] (Indonesia)
2002,3,Estratovolcán,False,False,Karangetang [Api Siau] (Indonesia)
2013,3,Estratovolcán,False,False,Paluweh (Indonesia)
2013,2,Estratovolcán,False,False,Sinabung (Indonesia)
2017,2,Estratovolcán,False,False,Sinabung (Indonesia)
2018,1,Caldera,True,False,Krakatau (Indonesia)
2019,,Estratovolcán,False,False,Ulawun (Papua New Guinea)
920,4,Volcán subglacial,False,False,Katla (Iceland)
1104,5,Estratovolcán,False,False,Hekla (Iceland)
1151,1,Hileras de cráter,False,False,Krisuvik (Iceland)
1206,2,Estratovolcán,False,False,Hekla (Iceland)
1329,3,Estratovolcán,True,True,Etna (Italy)
1485,2,Caldera,False,False,Aso (Japan)
1550,3,Volcán complejo,False,False,Dukono (Indonesia)
1576,3,Estratovolcán,False,False,Colima (Mexico)
1580,4,Volcán subglacial,False,False,Katla (Iceland)
1598,2,Volcán complejo,False,False,Asama (Japan)
1730,2,Fisura volcánica,False,False,Lanzarote (Spain)
1772,3,Estratovolcán,False,False,Papandayan (Indonesia)
1781,4,Estratovolcán,True,False,Sakura-jima (Japan)
1826,2,Caldera,False,False,Aso (Japan)
1840,0,Volcán en escudo,True,False,Kilauea (United States)
1840,3,Estratovolcán,False,False,Savo (Solomon Is.)
1850,2,Escudo piroclástico,False,False,Rabaul (Papua New Guinea)
1858,,Estratovolcán,False,False,Tate-yama (Japan)
1883,2,Volcán en escudo,False,False,Karthala (Comoros)
1887,3,Estratovolcán,False,False,Mayon (Philippines)
1890,2,Estratovolcán,False,False,Makian (Indonesia)
1902,4,Estratovolcán,True,False,Pelee (Martinique)
1902,6,Estratovolcán,False,False,Santa Maria (Guatemala)
1936,3,Volcán complejo,False,False,Asama (Japan)
1937,2,Estratovolcán,False,False,Llaima (Chile)
1943,3,Volcán en escudo,False,False,"Azul, Cerro (Ecuador)"
1951,4,Estratovolcán,False,False,Lamington (Papua New Guinea)
1970,,Caldera,False,False,Campi Flegrei (Italy)
1981,3,Estratovolcán,False,False,Semeru (Indonesia)
1983,1,Volcán complejo,True,False,Iliwerung (Indonesia)
1985,1,Estratovolcán,False,False,Etna (Italy)
1990,3,Estratovolcán,False,False,Sabancaya (Peru)
1990,,Estratovolcán,False,False,"Nyiragongo (Congo, DRC)"
1997,3,Estratovolcán,False,False,Semeru (Indonesia)
1999,3,Estratovolcán,True,False,Soufriere Hills (Montserrat)
2000,2,Estratovolcán,False,False,Merapi (Indonesia)
-1860,6,Estratovolcán,False,False,St. Helens (United States)
230,6,Caldera,False,False,Taupo (New Zealand)
1169,,Estratovolcán,True,True,Etna (Italy)
1566,3,Volcán en escudo,False,False,Kirishima (Japan)
1597,4,Estratovolcán,False,False,Hekla (Iceland)
1640,3,Estratovolcán,False,False,Tungurahua (Ecuador)
1650,4,Volcán en escudo,True,False,Santorini (Greece)
1660,4,Volcán subglacial,False,False,Katla (Iceland)
1672,3,Estratovolcán,False,False,Merapi (Indonesia)
1679,,Volcán en escudo,False,True,Zukur (Yemen)
1717,3,Volcán en escudo,False,False,Kirishima (Japan)
1741,4,Estratovolcán,True,False,Oshima-Oshima (Japan)
1753,2,Caldera,False,False,Grimsvotn (Iceland)
1780,4,Estratovolcán,True,False,Sakura-jima (Japan)
1817,4,Estratovolcán,False,False,Raung (Indonesia)
1833,2,Estratovolcán,False,False,Kaba (Indonesia)
1841,2,Estratovolcán,False,False,Kuchinoerabu-jima (Japan)
1843,0,Estratovolcán,True,False,Liamuiga (St. Kitts & Nevis)
1871,2,Estratovolcán,True,False,Ruang (Indonesia)
1899,2,Estratovolcán,False,False,Manam (Papua New Guinea)
1900,2,Volcán en escudo,False,False,Kirishima (Japan)
1928,3,Estratovolcán,False,False,Mayon (Philippines)
1937,4,Escudo piroclástico,True,True,Rabaul (Papua New Guinea)
1946,2,Estratovolcán,False,False,Sakura-jima (Japan)
1953,0,Volcán complejo,True,False,St. Andrew Strait (Papua New Guinea)
1976,3,Estratovolcán,False,False,Sangay (Ecuador)
1977,3,Estratovolcán,False,False,Kliuchevskoi (Russia)
1981,,Estratovolcán,False,False,Mayon (Philippines)
1992,1,Estratovolcán,False,False,Karangetang [Api Siau] (Indonesia)
1994,3,Escudo piroclástico,True,False,Rabaul (Papua New Guinea)
1997,2,Estratovolcán,False,False,Merapi (Indonesia)
2005,4,Estratovolcán,False,False,Manam (Papua New Guinea)
2006,,Estratovolcán,False,False,Raoul Island (New Zealand)
2014,,Estratovolcán,False,False,Fogo (Cape Verde)
2015,2,Estratovolcán,False,False,Manam (Papua New Guinea)
-1900,6,Estratovolcán,False,False,Black Peak (United States)
1477,6,Estratovolcán,False,False,Bardarbunga (Iceland)
1597,3,Estratovolcán,False,False,Raung (Indonesia)
1673,5,Estratovolcán,True,False,Gamkonora (Indonesia)
1754,4,Estratovolcán,True,True,Taal (Philippines)
1768,4,Estratovolcán,False,False,Cotopaxi (Ecuador)
1792,2,Volcán complejo,True,True,Unzen (Japan)
1814,4,Estratovolcán,False,False,Mayon (Philippines)
1815,7,Estratovolcán,True,False,Tambora (Indonesia)
1818,4,Estratovolcán,False,False,Colima (Mexico)
1854,3,Estratovolcán,True,False,Alaid (Russia)
1863,,Estratovolcán,True,True,Yasur (Vanuatu)
1872,4,Estratovolcán,False,False,Merapi (Indonesia)
1884,,Caldera,True,False,Krakatau (Indonesia)
1888,3,Estratovolcán,True,False,Ritter Island (Papua New Guinea)
1888,4,Estratovolcán,False,False,Bandai (Japan)
1913,2,Estratovolcán,False,False,Semeru (Indonesia)
1916,4,Estratovolcán,False,False,Tungurahua (Ecuador)
1920,3,Estratovolcán,False,False,Merapi (Indonesia)
1946,2,Estratovolcán,False,False,Semeru (Indonesia)
1948,2,Volcán complejo,False,False,Iliwerung (Indonesia)
1950,3,Estratovolcán,False,False,Camiguin (Philippines)
1950,2,Volcán complejo,False,False,Asama (Japan)
1951,,Estratovolcán,True,True,Cosiguina (Nicaragua)
1956,5,Estratovolcán,True,False,Bezymianny (Russia)
1958,2,Caldera,True,False,Kuwae (Vanuatu)
1967,3,Estratovolcán,False,False,Semeru (Indonesia)
1974,3,Estratovolcán,False,False,Sakura-jima (Japan)
1979,1,Volcán complejo,False,False,Dieng Volc Complex (Indonesia)
1984,3,Estratovolcán,False,False,Mayon (Philippines)
1988,3,Caldera,False,False,Banda Api (Pacific Ocean)
1993,1,Caldera,False,False,Krakatau (Indonesia)
1996,2,Estratovolcán,True,False,Karymsky (Russia)
1997,,Estratovolcán,True,False,Soufriere Hills (Montserrat)
2006,2,Estratovolcán,False,False,Bulusan (Philippines)
2007,4,Estratovolcán,False,False,Manam (Papua New Guinea)
2007,,Estratovolcán,False,False,"Tair, Jebel at (Yemen)"
2011,,Volcán en escudo,False,False,Kirishima (Japan)
2012,,Volcán en escudo,False,False,Tolbachik (Russia)
2018,1,Volcán en escudo,True,True,Kilauea (United States)
2020,,Estratovolcán,True,True,Ijen (Indonesia)
-4360,6,Caldera,False,False,Macauley Island (New Zealand)
-4000,6,Caldera,False,False,Pago (Papua New Guinea)
-50,6,Escudo piroclástico,False,False,Apoyeque (Nicaragua)
46,3,Volcán en escudo,True,False,Santorini (Greece)
500,,Campo volcánico,False,False,"Arhab, Harra of (Yemen)"
787,3,Volcán complejo,False,False,Vesuvius (Italy)
1536,3,Estratovolcán,False,False,Etna (Italy)
1690,,Volcán complejo,True,False,Vesuvius (Italy)
1726,1,Estratovolcán,False,False,Bardarbunga (Iceland)
1730,3,Estratovolcán,False,False,Raung (Indonesia)
1742,3,Estratovolcán,False,False,Cotopaxi (Ecuador)
1749,3,Estratovolcán,True,True,Taal (Philippines)
1848,2,Estratovolcán,False,False,Kelut (Indonesia)
1861,3,Estratovolcán,False,True,Dubbi (Eritrea)
1892,2,Caldera,True,False,Tofua (Tonga)
1897,3,Estratovolcán,False,False,Mayon (Philippines)
1902,,Estratovolcán,True,False,Pelee (Martinique)
1912,3,Volcán en escudo,False,False,"Nyamuragira (Congo, DRC)"
1919,1,Estratovolcán,False,False,Popocatepetl (Mexico)
1919,,Volcán submarino,True,False,Banua Wuhu (Indonesia)
1923,2,Volcanes submarinos,True,True,"Cendres, Ile des (Vietnam)"
1929,2,Estratovolcán,False,False,Etna (Italy)
1939,2,Estratovolcán,False,False,Tori-shima (Japan)
1940,2,Estratovolcán,False,False,Karangetang [Api Siau] (Indonesia)
1947,2,Volcán complejo,False,False,Asama (Japan)
1957,2,Estratovolcán,False,False,Oshima (Japan)
1979,2,Caldera,False,False,Aso (Japan)
1980,,Estratovolcán,False,False,Hood (United States)
1989,,Volcán en escudo,False,False,Kirishima (Japan)
1994,1,Caldera,False,False,Aso (Japan)
2001,3,Estratovolcán,False,False,Etna (Italy)
2011,2,Estratovolcán,False,False,Bulusan (Philippines)
2014,,Estratovolcán,False,False,Kelut (Indonesia)
50,6,Escudo piroclástico,False,False,Ambrym (Vanuatu)
590,,Estratovolcán,False,False,San Salvador (El Salvador)
1302,,Volcán complejo,False,False,Ischia (Italy)
1568,3,Estratovolcán,False,False,Savo (Solomon Is.)
1570,,Estratovolcán,False,False,Mombacho (Nicaragua)
1663,5,Estratovolcán,False,False,Usu (Japan)
1693,,Estratovolcán,False,True,Etna (Italy)
1755,4,Volcán subglacial,False,False,Katla (Iceland)
1843,2,Estratovolcán,False,False,Lamongan (Indonesia)
1872,3,Volcán complejo,False,False,Vesuvius (Italy)
1878,2,Volcán en escudo,True,True,Okmok (United States)
1913,3,Escudo piroclástico,False,False,Ambrym (Vanuatu)
1949,2,Estratovolcán,False,False,Purace (Colombia)
1957,2,Caldera,False,False,Aso (Japan)
1963,3,Estratovolcán,False,False,Irazu (Costa Rica)
1971,3,Estratovolcán,False,False,Fuego (Guatemala)
1992,3,Cono de ceniza,False,False,"Negro, Cerro (Nicaragua)"
1997,,Estratovolcán,False,False,Hakkoda Group (Japan)
1997,,Estratovolcán,False,False,Adatara (Japan)
1997,,Caldera,False,False,Aso (Japan)
2004,1,Estratovolcán,False,False,Egon (Indonesia)
2013,,Estratovolcán,False,False,Paluweh (Indonesia)
2013,,Estratovolcán,False,False,Sakura-jima (Japan)
2015,,Estratovolcán,False,False,Karangetang [Api Siau] (Indonesia)
-1460,6,Caldera,False,False,Taupo (New Zealand)
1000,7,Estratovolcán,False,False,Changbaishan (North Korea)
1727,4,Estratovolcán,False,False,Oraefajokull (Iceland)
1826,3,Estratovolcán,False,False,Kelut (Indonesia)
1868,2,Volcán en escudo,True,True,Mauna Loa (United States)
1869,2,Estratovolcán,False,False,Lewotobi (Indonesia)
1895,2,Caldera,False,False,Dakataua (Papua New Guinea)
1900,2,Estratovolcán,False,False,Adatara (Japan)
1900,,Cono de piedra pómez,False,False,Tullu Moje (Ethiopia)
1902,2,Estratovolcán,False,False,Merapi (Indonesia)
1907,2,Estratovolcán,False,False,Lewotobi (Indonesia)
1913,2,Estratovolcán,True,True,Awu (Indonesia)
1930,3,Volcán complejo,False,False,Asama (Japan)
1932,,Estratovolcán,False,False,Merapi (Indonesia)
1938,1,Volcán en escudo,True,False,"Nyamuragira (Congo, DRC)"
1938,2,Estratovolcán,False,False,Mayon (Philippines)
1954,,Estratovolcán,False,False,Camiguin (Philippines)
1958,2,Estratovolcán,False,False,Mahawu (Indonesia)
1961,,Estratovolcán,False,False,Tate-yama (Japan)
1964,2,Estratovolcán,False,False,Paluweh (Indonesia)
1992,4,Estratovolcán,False,False,Spurr (United States)
1995,,Estratovolcán,False,False,Parker (Philippines)
1998,,Estratovolcán,False,False,Kelut (Indonesia)
2000,3,Estratovolcán,False,False,Arenal (Costa Rica)
2010,1,Volcán complejo,False,False,Pacaya (Guatemala)
2010,,Estratovolcán,False,False,Merapi (Indonesia)
2011,,Estratovolcán,False,False,Lokon-Empung (Indonesia)
2013,,Estratovolcán,False,False,Merapi (Indonesia)
2016,,Estratovolcán,False,False,Rinjani (Indonesia)
2018,,Volcán en escudo,False,False,Kilauea (United States)
1280,6,Caldera,False,False,Quilotoa (Ecuador)
1540,4,Cúpula de lava,True,False,Augustine (United States)
1660,6,Volcán complejo,True,False,Long Island (Papua New Guinea)
1858,,Estratovolcán,False,True,Tate-yama (Japan)
1864,2,Estratovolcán,False,False,Kelut (Indonesia)
1873,2,Estratovolcán,False,False,Ragang (Philippines)
1902,3,Estratovolcán,False,False,Tori-shima (Japan)
1907,2,Volcán en escudo,False,False,Alayta (Ethiopia)
1909,2,Estratovolcán,False,False,Semeru (Indonesia)
1919,4,Estratovolcán,False,False,Kelut (Indonesia)
1919,,Estratovolcán,False,False,Nasu (Japan)
1920,3,Estratovolcán,False,False,Izalco (El Salvador)
1938,,Estratovolcán,False,False,Bandai (Japan)
1949,3,Estratovolcán,False,False,Villarrica (Chile)
1963,3,Estratovolcán,False,False,Fuego (Guatemala)
1968,3,Estratovolcán,False,False,Mayon (Philippines)
1985,3,Estratovolcán,False,False,Semeru (Indonesia)
1992,2,Volcán complejo,False,False,Marapi (Indonesia)
2001,2,Estratovolcán,False,False,Stromboli (Italy)
2004,4,Estratovolcán,False,False,Manam (Papua New Guinea)
2010,,Estratovolcán,True,True,Sarigan (United States)
2018,2,Estratovolcán,False,True,Etna (Italy)
2020,,Estratovolcán,False,False,Taal (Philippines)
-3580,6,Estratovolcán,False,False,Taal (Philippines)
-2040,6,Volcán complejo,False,False,Long Island (Papua New Guinea)
653,6,Caldera,False,False,Dakataua (Papua New Guinea)
683,6,Escudo piroclástico,False,False,Rabaul (Papua New Guinea)
950,,Volcán subglacial,False,False,Katla (Iceland)
1580,3,Fisura volcánica,False,False,San Jorge (Portugal)
1581,4,Estratovolcán,False,False,Fuego (Guatemala)
1608,3,Estratovolcán,True,False,Gamalama (Indonesia)
1625,5,Volcán subglacial,False,False,Katla (Iceland)
1660,4,Estratovolcán,False,False,Teon (Pacific Ocean)
1773,2,Estratovolcán,False,False,Gamalama (Indonesia)
1779,2,Volcán complejo,False,False,Vesuvius (Italy)
1801,2,Estratovolcán,False,False,Chokai (Japan)
1804,3,Caldera,False,False,Shikotsu (Japan)
1820,2,Estratovolcán,True,True,Westdahl (United States)
1845,4,Estratovolcán,False,False,Hekla (Iceland)
1867,2,Volcán complejo,False,False,Zao (Japan)
1870,2,Volcán en escudo,False,False,Aoba (Vanuatu)
1910,,Caldera,False,False,Taupo (New Zealand)
1952,,Volcán complejo,False,False,Hakone (Japan)
1953,2,Caldera,False,False,Aso (Japan)
1963,3,Estratovolcán,False,False,Irazu (Costa Rica)
1974,1,Estratovolcán,True,False,Ritter Island (Papua New Guinea)
1986,2,Estratovolcán,False,False,Merapi (Indonesia)
1987,3,Volcán complejo,False,False,Pacaya (Guatemala)
1990,,Escudo piroclástico,False,False,Rabaul (Papua New Guinea)
1993,,Estratovolcán,False,False,Pinatubo (Philippines)
2000,2,Estratovolcán,True,True,Miyake-jima (Japan)
2006,1,Estratovolcán,False,False,Mayon (Philippines)
2009,,Estratovolcán,False,False,Redoubt (United States)
2016,,Estratovolcán,False,False,Sinabung (Indonesia)
2018,,Estratovolcán,False,False,Kusatsu-Shirane (Japan)
2019,2,Estratovolcán,False,False,Stromboli (Italy)
-1645,6,Caldera,False,False,Aniakchak (United States)
1636,3,Estratovolcán,False,False,Hekla (Iceland)
1669,3,Estratovolcán,False,False,Etna (Italy)
1698,3,Volcán complejo,True,False,Vesuvius (Italy)
1706,2,Estratovolcán,True,False,Tenerife (Spain)
1707,4,Estratovolcán,False,True,Fuji (Japan)
1826,2,Volcán complejo,False,False,Dieng Volc Complex (Indonesia)
1832,2,Estratovolcán,False,False,Etna (Italy)
1835,5,Estratovolcán,False,False,Cosiguina (Nicaragua)
1860,,Caldera,False,False,Grimsvotn (Iceland)
1871,2,Estratovolcán,False,False,Gamalama (Indonesia)
1872,4,Estratovolcán,False,False,Sinarka (Russia)
1899,4,Estratovolcán,False,False,Dona Juana (Colombia)
1905,2,Volcán complejo,False,False,Vesuvius (Italy)
1924,2,Volcán en escudo,False,False,Kilauea (United States)
1931,3,Volcán complejo,False,False,Asama (Japan)
1947,2,Estratovolcán,False,False,Mayon (Philippines)
1957,2,Estratovolcán,False,True,Vsevidof (United States)
1963,2,Caldera,False,False,Batur (Indonesia)
1967,3,Estratovolcán,False,False,"Lengai, Ol Doinyo (Tanzania)"
1969,3,Estratovolcán,False,False,Iya (Indonesia)
1988,3,Estratovolcán,False,False,Semeru (Indonesia)
1990,2,Caldera,False,False,Aso (Japan)
1994,,Estratovolcán,False,True,Huila (Colombia)
1999,4,Estratovolcán,False,False,Shiveluch (Russia)
1999,3,Estratovolcán,False,False,Tungurahua (Ecuador)
2019,2,Estratovolcán,False,False,White Island (New Zealand)
1631,,Volcán en escudo,False,True,Dama Ali (Ethiopia)
1659,4,Estratovolcán,True,False,Teon (Pacific Ocean)
1664,,Volcán complejo,True,False,Iwo-Tori-shima (Japan)
1707,,Volcán en escudo,True,False,Santorini (Greece)
1729,2,Caldera,False,False,Krafla (Iceland)
1780,4,Estratovolcán,False,False,Sakura-jima (Japan)
1835,,Caldera,False,True,Banda Api (Pacific Ocean)
1843,,Estratovolcán,True,False,Soufriere Guadeloupe (Guadeloupe)
1854,5,Estratovolcán,False,False,Shiveluch (Russia)
1856,,Estratovolcán,True,False,Shishaldin (United States)
1860,2,Estratovolcán,False,False,Fuego (Guatemala)
1868,,Estratovolcán,True,True,Etna (Italy)
1872,4,Estratovolcán,False,False,Merapi (Indonesia)
1875,0,Estratovolcán,False,False,Kelut (Indonesia)
1878,,Estratovolcán,True,True,Yasur (Vanuatu)
1909,2,Estratovolcán,False,True,"Cameroon, Mt. (Cameroon)"
1914,3,Caldera,False,False,Pago (Papua New Guinea)
1917,1,Cúpula de lava,False,False,Okataina (New Zealand)
1930,2,Caldera,True,False,Krakatau (Indonesia)
1930,3,Estratovolcán,True,False,Stromboli (Italy)
1934,,Estratovolcán,False,False,Hood (United States)
1946,4,Estratovolcán,True,False,Sarychev Peak (Russia)
1954,,Estratovolcán,True,False,Stromboli (Italy)
1955,3,Estratovolcán,False,False,Sakura-jima (Japan)
1962,,Estratovolcán,False,False,Merapi (Indonesia)
1990,4,Estratovolcán,False,False,Kelut (Indonesia)
1993,1,Volcán complejo,False,False,Unzen (Japan)
2010,3,Estratovolcán,False,False,Karangetang [Api Siau] (Indonesia)
2014,,Volcán en escudo,False,False,Kilauea (United States)
2016,,Estratovolcán,False,False,Sinabung (Indonesia)
2019,4,Estratovolcán,False,False,Manam (Papua New Guinea)
2019,,Estratovolcán,False,False,Sinabung (Indonesia)
1357,4,Volcán subglacial,False,False,Katla (Iceland)
1586,5,Estratovolcán,False,False,Kelut (Indonesia)
1730,,Cono piroclástico,False,False,Tseax River Cone (Canada)
1823,0,Volcán en escudo,False,False,Kilauea (United States)
1832,3,Estratovolcán,False,False,Merapi (Indonesia)
1838,2,Estratovolcán,False,False,Gamalama (Indonesia)
1858,2,Estratovolcán,False,False,Mayon (Philippines)
1872,3,Caldera,False,False,Aso (Japan)
1879,2,Estratovolcán,True,False,Stromboli (Italy)
1893,2,Estratovolcán,False,False,Azuma (Japan)
1918,3,Volcán submarino,True,False,Banua Wuhu (Indonesia)
1940,2,Estratovolcán,False,False,Miyake-jima (Japan)
1966,3,Estratovolcán,True,False,Tinakula (Solomon Is.)
1970,3,Estratovolcán,False,False,Hekla (Iceland)
1974,4,Estratovolcán,False,False,Fuego (Guatemala)
1975,2,Volcán complejo,False,False,Marapi (Indonesia)
1977,1,Caldera,False,False,Krafla (Iceland)
1984,,Volcán complejo,False,False,On-take (Japan)
1989,,Caldera,False,False,Aso (Japan)
1991,,Volcán complejo,False,False,Mutnovsky (Russia)
1991,5,Estratovolcán,False,False,"Hudson, Cerro (Chile)"
1992,,Volcán complejo,False,False,Dieng Volc Complex (Indonesia)
1993,2,Estratovolcán,False,False,Mayon (Philippines)
1995,,Volcán complejo,False,False,Kelimutu (Indonesia)
2015,,Cúpula de lava,False,False,Okataina (New Zealand)
2018,,Estratovolcán,True,False,Kadovar (Papua New Guinea)
-1890,6,Estratovolcán,False,False,"Hudson, Cerro (Chile)"
-455,4,Estratovolcán,False,False,Cotopaxi (Ecuador)
240,6,Estratovolcán,False,False,Ksudach (Russia)
1362,5,Estratovolcán,False,False,Oraefajokull (Iceland)
1385,3,Estratovolcán,False,False,Kelut (Indonesia)
1630,4,Estratovolcán,False,False,Furnas (Portugal)
1669,3,Estratovolcán,False,True,Etna (Italy)
1670,2,Volcán en escudo,False,False,Aoba (Vanuatu)
1690,3,Volcán complejo,False,False,Guntur (Indonesia)
1766,3,Estratovolcán,False,False,Mayon (Philippines)
1780,3,Estratovolcán,False,False,Aoga-shima (Japan)
1784,4,Caldera,False,False,Grimsvotn (Iceland)
1890,2,Estratovolcán,False,False,Victory (Papua New Guinea)
1913,1,Volcán complejo,False,False,Asama (Japan)
1926,3,Estratovolcán,False,False,Tokachi (Japan)
1932,4,Estratovolcán,False,False,Fuego (Guatemala)
1964,2,Estratovolcán,False,False,Villarrica (Chile)
1967,3,Caldera,True,False,Deception Island (Antarctica)
1974,2,Estratovolcán,False,False,Merapi (Indonesia)
1977,1,Estratovolcán,False,False,"Nyiragongo (Congo, DRC)"
1988,3,Estratovolcán,False,False,Lonquimay (Chile)
1991,1,Volcán complejo,False,False,Unzen (Japan)
1993,1,Estratovolcán,False,False,Guagua Pichincha (Ecuador)
2008,3,Estratovolcán,False,False,Tungurahua (Ecuador)
2011,3,Estratovolcán,False,False,Nabro (Eritrea)
2013,,Estratovolcán,False,False,Ubinas (Peru)
2014,,Estratovolcán,False,False,Sinabung (Indonesia)
2015,,Estratovolcán,False,False,Sinabung (Indonesia)
-197,3,Volcán en escudo,True,True,Santorini (Greece)
60,6,Estratovolcán,False,False,Bona-Churchill (United States)
1631,5,Volcán complejo,True,True,Vesuvius (Italy)
1682,3,Volcán complejo,False,False,Vesuvius (Italy)
1757,0,Fisura volcánica,False,True,San Jorge (Portugal)
1812,4,Estratovolcán,False,False,Soufriere St. Vincent (St. Vincent & the Grenadines)
1827,2,Estratovolcán,False,False,Avachinsky (Russia)
1846,2,Estratovolcán,False,False,Tangkubanparahu (Indonesia)
1856,4,Estratovolcán,False,False,Komaga-take (Japan)
1883,4,Cúpula de lava,True,False,Augustine (United States)
1914,4,Estratovolcán,True,True,Sakura-jima (Japan)
1919,3,Estratovolcán,True,False,Stromboli (Italy)
1927,1,Estratovolcán,False,False,Esjufjoll (Iceland)
1944,2,Volcán complejo,False,False,Vesuvius (Italy)
1949,3,Estratovolcán,False,False,Camiguin (Philippines)
1953,2,Volcán submarino,True,False,Myojun Knoll (Japan)
1968,3,Estratovolcán,False,False,Arenal (Costa Rica)
1972,,Volcán complejo,False,False,Hakone (Japan)
1981,2,Estratovolcán,False,False,Alaid (Russia)
1990,,Estratovolcán,False,False,Kelut (Indonesia)
1997,3,Estratovolcán,False,False,Soufriere Hills (Montserrat)
2002,3,Estratovolcán,False,False,Semeru (Indonesia)
2006,3,Estratovolcán,False,False,Tungurahua (Ecuador)
1334,3,Estratovolcán,False,False,Kelut (Indonesia)
1564,3,Estratovolcán,False,False,Gamkonora (Indonesia)
1711,3,Estratovolcán,False,False,Awu (Indonesia)
1873,,Volcán complejo,False,False,Vesuvius (Italy)
1877,4,Estratovolcán,False,False,Cotopaxi (Ecuador)
1892,3,Estratovolcán,True,False,Awu (Indonesia)
1895,2,Estratovolcán,False,False,Semeru (Indonesia)
1895,2,Estratovolcán,False,False,Karkar (Papua New Guinea)
1902,,Estratovolcán,True,False,Pelee (Martinique)
1904,2,Volcán en escudo,False,False,Karthala (Comoros)
1906,3,Volcán complejo,True,False,Vesuvius (Italy)
1928,1,Estratovolcán,False,False,Etna (Italy)
1929,3,Estratovolcán,False,False,Calbuco (Chile)
1930,3,Estratovolcán,False,False,Merapi (Indonesia)
1933,3,Estratovolcán,True,False,Kharimkotan (Russia)
1933,4,Estratovolcán,False,False,Kuchinoerabu-jima (Japan)
1950,1,Estratovolcán,False,False,Semeru (Indonesia)
1972,2,Volcán en escudo,False,False,"Fournaise, Piton de la (Reunion)"
1978,3,Estratovolcán,False,False,Usu (Japan)
1979,,Volcán complejo,True,False,Iliwerung (Indonesia)
1996,,Estratovolcán,False,False,Maderas (Nicaragua)
2002,4,Estratovolcán,False,False,Reventador (Ecuador)
2011,4,Estratovolcán,False,False,Tungurahua (Ecuador)
2016,,Caldera,False,False,Aso (Japan)
-1010,5,Estratovolcán,False,False,Tungurahua (Ecuador)
350,,Cúpula de lava,False,False,Augustine (United States)
1311,4,Volcán subglacial,False,False,Katla (Iceland)
1587,4,Estratovolcán,False,False,Merapi (Indonesia)
1716,2,Estratovolcán,False,False,Kelut (Indonesia)
1729,1,Estratovolcán,False,False,Bardarbunga (Iceland)
1742,3,Estratovolcán,False,False,Cotopaxi (Ecuador)
1772,3,Estratovolcán,True,False,Gamalama (Indonesia)
1775,3,Estratovolcán,False,False,Lokon-Empung (Indonesia)
1840,3,Estratovolcán,False,False,Ararat (Turkey)
1871,3,Estratovolcán,False,False,Mayon (Philippines)
1874,2,Estratovolcán,False,False,Taal (Philippines)
1883,6,Caldera,True,False,Krakatau (Indonesia)
1885,2,Estratovolcán,False,False,Semeru (Indonesia)
1919,0,Volcán en escudo,True,False,Mauna Loa (United States)
1939,1,Volcán complejo,False,False,Dieng Volc Complex (Indonesia)
1952,2,Volcán submarino,True,False,Myojun Knoll (Japan)
1952,1,Volcán compuesto,False,False,Ambalatungan Group (Philippines)
1961,3,Estratovolcán,False,False,Calbuco (Chile)
1978,3,Estratovolcán,False,False,Semeru (Indonesia)
1984,,Maar,False,False,Oku Volc Field (Cameroon)
1986,2,Estratovolcán,False,False,Stromboli (Italy)
1987,,Volcán complejo,False,True,Sirung (Indonesia)
1993,,Volcán en escudo,False,False,Kilauea (United States)
1996,3,Estratovolcán,False,False,Popocatepetl (Mexico)
2006,3,Estratovolcán,False,False,Tungurahua (Ecuador)
2010,,Estratovolcán,False,False,Sinabung (Indonesia)
2016,,Caldera,False,False,Yellowstone (United States)
-4350,7,Caldera,False,False,Kikai (Japan)
934,4,Volcán subglacial,False,False,Katla (Iceland)
1250,,Estratovolcán,False,False,Fentale (Ethiopia)
1389,3,Estratovolcán,False,False,Hekla (Iceland)
1471,5,Estratovolcán,False,False,Sakura-jima (Japan)
1500,4,Volcán subglacial,False,False,Katla (Iceland)
1590,3,Estratovolcán,False,False,Colima (Mexico)
1596,2,Volcán complejo,False,False,Asama (Japan)
1606,2,Estratovolcán,True,False,Hachijo-jima (Japan)
1712,2,Estratovolcán,False,False,Bardarbunga (Iceland)
1716,2,Estratovolcán,False,False,Bardarbunga (Iceland)
1737,2,Volcán complejo,False,False,Vesuvius (Italy)
1779,4,Estratovolcán,False,False,Sakura-jima (Japan)
1783,4,Volcán complejo,False,False,Asama (Japan)
1822,3,Estratovolcán,False,False,Merapi (Indonesia)
1840,3,Estratovolcán,False,False,Tinakula (Solomon Is.)
1845,2,Estratovolcán,True,True,Soputan (Indonesia)
1847,2,Estratovolcán,False,False,Fogo (Cape Verde)
1856,3,Estratovolcán,True,True,Awu (Indonesia)
1861,4,Estratovolcán,False,False,Makian (Indonesia)
1903,1,Cúpula de lava,False,False,Okataina (New Zealand)
1951,,Volcán complejo,False,False,Hakone (Japan)
1954,2,Estratovolcán,False,False,Bam (Papua New Guinea)
1958,,Estratovolcán,False,False,Daisetsu (Japan)
1962,2,Estratovolcán,False,False,Gamalama (Indonesia)
1969,2,Estratovolcán,False,False,Merapi (Indonesia)
1973,3,Estratovolcán,False,False,Paluweh (Indonesia)
1974,3,Estratovolcán,False,False,Sakura-jima (Japan)
1978,,Estratovolcán,False,False,Tangkubanparahu (Indonesia)
1983,4,Estratovolcán,False,False,Colo [Una Una] (Indonesia)
1987,2,Estratovolcán,False,False,Etna (Italy)
1994,3,Estratovolcán,False,False,Rinjani (Indonesia)
1996,3,Caldera,False,False,Grimsvotn (Iceland)
1997,3,Estratovolcán,False,False,Soufriere Hills (Montserrat)
1999,3,Estratovolcán,False,False,Guagua Pichincha (Ecuador)
2001,2,Estratovolcán,False,False,Merapi (Indonesia)
2002,1,Estratovolcán,False,False,"Nyiragongo (Congo, DRC)"
2011,,Estratovolcán,False,False,Karangetang [Api Siau] (Indonesia)
2012,,Volcán en escudo,False,False,Kilauea (United States)
2012,,Volcán en escudo,False,False,Kilauea (United States)
416,,Caldera,True,False,Krakatau (Indonesia)
1311,3,Estratovolcán,False,False,Kelut (Indonesia)
1410,3,Estratovolcán,False,False,Nasu (Japan)
1672,2,Estratovolcán,False,False,Fayal (Portugal)
1780,,Estratovolcán,True,False,Sakura-jima (Japan)
1800,2,Estratovolcán,False,False,Kieyo (Tanzania)
1803,2,Volcán complejo,False,False,Asama (Japan)
1894,3,Escudo piroclástico,False,False,Ambrym (Vanuatu)
1910,2,Estratovolcán,False,False,Usu (Japan)
1911,2,Volcán complejo,False,False,Asama (Japan)
1917,3,Estratovolcán,False,True,San Salvador (El Salvador)
1923,,Estratovolcán,False,False,Tangkubanparahu (Indonesia)
1923,2,Volcán en escudo,False,False,Kirishima (Japan)
1929,4,Estratovolcán,False,False,Komaga-take (Japan)
1929,3,Estratovolcán,False,False,Santa Maria (Guatemala)
1939,1,Volcán submarino,True,False,Kick-'em-Jenny (Netherlands)
1951,3,Estratovolcán,False,False,Kelut (Indonesia)
1966,4,Estratovolcán,False,False,Awu (Indonesia)
1971,2,Estratovolcán,False,False,Villarrica (Chile)
1974,2,Cúpula de lava,False,False,Niigata-Yake-yama (Japan)
1977,0,Volcán en escudo,False,False,Karthala (Comoros)
1978,2,Estratovolcán,False,False,Bulusan (Philippines)
1982,5,Cono de toba,False,False,"Chichon, El (Mexico)"
1986,,Volcán complejo,False,False,Akita-Yake-yama (Japan)
2001,2,Estratovolcán,False,False,Etna (Italy)
2018,1,Volcán en escudo,False,False,Kilauea (United States)
-1610,7,Volcán en escudo,True,True,Santorini (Greece)
-150,,Volcán complejo,False,False,St. Andrew Strait (Papua New Guinea)
-100,6,Volcán en escudo,False,False,Okmok (United States)
1341,3,Estratovolcán,False,False,Hekla (Iceland)
1430,,Caldera,False,False,Kuwae (Vanuatu)
1510,4,Estratovolcán,False,False,Hekla (Iceland)
1580,6,Escudo piroclástico,False,False,Billy Mitchell (Papua New Guinea)
1698,3,Estratovolcán,False,False,Cereme (Indonesia)
1716,4,Estratovolcán,True,True,Taal (Philippines)
1717,3,Estratovolcán,False,False,Fuego (Guatemala)
1721,5,Volcán subglacial,False,False,Katla (Iceland)
1819,,Estratovolcán,True,False,Asuncion (United States)
1845,3,Estratovolcán,False,False,Ruiz (Colombia)
1895,2,Volcán en escudo,False,False,Kirishima (Japan)
1901,,Estratovolcán,True,True,Epi (Vanuatu)
1907,0,Volcán submarino,True,True,Unnamed (Tonga)
1928,,Caldera,True,False,Krakatau (Indonesia)
1940,2,Estratovolcán,False,False,"Lengai, Ol Doinyo (Tanzania)"
1946,2,Estratovolcán,False,False,Semeru (Indonesia)
1953,3,Estratovolcán,False,False,Merapi (Indonesia)
1954,,Estratovolcán,False,False,Tate-yama (Japan)
1961,2,Volcán complejo,False,False,Asama (Japan)
1962,3,Estratovolcán,False,False,Tokachi (Japan)
1963,3,Estratovolcán,False,True,Agung (Indonesia)
1969,2,Volcán compuesto,True,False,Didicas (Philippines)
1997,1,Estratovolcán,False,False,Karangetang [Api Siau] (Indonesia)
2000,3,Estratovolcán,False,False,Semeru (Indonesia)
2009,,Volcán en escudo,False,False,Kilauea (United States)
2011,,Estratovolcán,False,False,Merapi (Indonesia)
450,6,Caldera,False,False,Ilopango (El Salvador)
1565,3,Volcán complejo,False,True,Pacaya (Guatemala)
1716,3,Volcán en escudo,False,False,Kirishima (Japan)
1721,1,Volcán complejo,False,False,Asama (Japan)
1762,2,Estratovolcán,False,False,Kliuchevskoi (Russia)
1784,,Estratovolcán,False,False,Sabancaya (Peru)
1786,2,Volcán complejo,False,False,Dieng Volc Complex (Indonesia)
1800,,Volcán complejo,False,False,Guntur (Indonesia)
1800,0,Volcán en escudo,False,False,Hualalai (United States)
1839,2,Volcán submarino,True,False,Unnamed (Chile)
1861,2,Caldera,False,False,Grimsvotn (Iceland)
1878,3,Escudo piroclástico,True,True,Rabaul (Papua New Guinea)
1901,3,Estratovolcán,False,False,Kelut (Indonesia)
1911,3,Estratovolcán,True,True,Taal (Philippines)
1917,3,Estratovolcán,False,False,"Lengai, Ol Doinyo (Tanzania)"
1921,,Estratovolcán,False,False,Nasu (Japan)
1933,,Volcán complejo,False,False,Hakone (Japan)
1941,2,Estratovolcán,False,False,Semeru (Indonesia)
1944,2,Estratovolcán,False,False,Usu (Japan)
1947,4,Estratovolcán,False,False,Hekla (Iceland)
1976,,Estratovolcán,False,False,Kusatsu-Shirane (Japan)
1979,2,Estratovolcán,False,False,Etna (Italy)
1982,4,Estratovolcán,False,False,Galunggung (Indonesia)
1988,3,Estratovolcán,False,False,Arenal (Costa Rica)
2005,,Volcán en escudo,False,False,Karthala (Comoros)
2010,,Estratovolcán,False,False,Tengger Caldera (Indonesia)
-1050,6,Estratovolcán,False,False,Pinatubo (Philippines)
764,4,Estratovolcán,False,False,Sakura-jima (Japan)
766,3,Estratovolcán,True,True,Sakura-jima (Japan)
1760,4,Estratovolcán,False,False,Makian (Indonesia)
1766,4,Estratovolcán,False,False,Hekla (Iceland)
1790,4,Volcán en escudo,False,False,Kilauea (United States)
1803,2,Volcán complejo,False,False,Asama (Japan)
1813,2,Volcán complejo,True,False,Vesuvius (Italy)
1825,3,Estratovolcán,False,False,Shishaldin (United States)
1869,2,Estratovolcán,False,False,Lamongan (Indonesia)
1883,,Caldera,True,False,Krakatau (Indonesia)
1900,2,Volcán complejo,False,False,Asama (Japan)
1914,,Estratovolcán,False,False,White Island (New Zealand)
1928,3,Estratovolcán,True,False,Paluweh (Indonesia)
1952,2,Volcán submarino,True,False,Myojun Knoll (Japan)
1953,0,Volcán complejo,False,False,Sirung (Indonesia)
1963,2,Estratovolcán,False,False,Villarrica (Chile)
1976,2,Estratovolcán,False,False,Merapi (Indonesia)
1977,3,Estratovolcán,False,False,Usu (Japan)
1980,5,Estratovolcán,True,True,St. Helens (United States)
1981,,Estratovolcán,False,False,Vilyuchik (Russia)
1985,3,Estratovolcán,False,False,Ruiz (Colombia)
1990,3,Estratovolcán,False,False,Shiveluch (Russia)
1990,3,Estratovolcán,False,False,Santa Maria (Guatemala)
1995,3,Estratovolcán,False,False,Yasur (Vanuatu)
2006,1,Estratovolcán,False,False,Merapi (Indonesia)
2010,2,Estratovolcán,False,False,Eyjafjallajokull (Iceland)
2010,3,Estratovolcán,False,False,Tungurahua (Ecuador)
2011,,Volcán subglacial,False,False,Katla (Iceland)
2015,,Estratovolcán,False,False,Sinabung (Indonesia)
2018,2,Escudo piroclástico,False,True,Ambrym (Vanuatu)
2019,4,Estratovolcán,False,False,Manam (Papua New Guinea)
-1370,6,Caldera,False,False,Pago (Papua New Guinea)
710,6,Caldera,False,False,Pago (Papua New Guinea)
1853,3,Estratovolcán,False,False,Mayon (Philippines)
1872,4,Estratovolcán,False,False,Merapi (Indonesia)
1878,3,Estratovolcán,True,False,Yasur (Vanuatu)
1905,2,Volcán en escudo,True,False,Savai'i (Samoa)
1918,4,Volcán subglacial,False,False,Katla (Iceland)
1944,2,Estratovolcán,True,False,Stromboli (Italy)
1952,2,Volcán submarino,True,False,Myojun Knoll (Japan)
1955,4,Cono piroclástico,False,False,Carran-Los Venados (Chile)
1961,3,Estratovolcán,False,False,Merapi (Indonesia)
1975,3,Estratovolcán,False,False,Arenal (Costa Rica)
1980,3,Estratovolcán,False,False,Hekla (Iceland)
1981,2,Estratovolcán,False,False,Paluweh (Indonesia)
1988,,Volcán complejo,False,False,Akita-Yake-yama (Japan)
1991,2,Volcán en escudo,False,False,Karthala (Comoros)
1994,3,Estratovolcán,False,False,Merapi (Indonesia)
1995,1,Estratovolcán,False,False,Yake-dake (Japan)
2002,,Estratovolcán,True,False,Stromboli (Italy)
2003,3,Estratovolcán,True,False,Soufriere Hills (Montserrat)
2010,3,Estratovolcán,False,False,Tungurahua (Ecuador)
2018,2,Estratovolcán,False,False,Fuego (Guatemala)
-1550,,Estratovolcán,False,False,Redoubt (United States)
-250,6,Estratovolcán,False,False,Raoul Island (New Zealand)
1640,5,Estratovolcán,True,True,Komaga-take (Japan)
1785,3,Estratovolcán,False,False,Aoga-shima (Japan)
1812,3,Estratovolcán,False,False,Awu (Indonesia)
1853,0,Volcán en escudo,False,False,Niuafo'ou (Tonga)
1892,2,Estratovolcán,False,False,Sorikmarapi (Indonesia)
1917,3,Estratovolcán,False,False,Calbuco (Chile)
1938,1,Volcán complejo,False,False,Asama (Japan)
1941,2,Volcán complejo,False,False,Asama (Japan)
1943,4,Cono de ceniza,False,False,Michoacan-Guanajuato (Mexico)
1944,2,Volcán complejo,False,False,Dieng Volc Complex (Indonesia)
1953,1,Estratovolcán,False,False,Oshima (Japan)
1973,,Estratovolcán,False,False,"Hudson, Cerro (Chile)"
1990,2,Caldera,False,False,Aso (Japan)
1991,6,Estratovolcán,False,True,Pinatubo (Philippines)
1992,1,Estratovolcán,False,False,Pinatubo (Philippines)
1995,2,Estratovolcán,False,False,Fogo (Cape Verde)
1996,3,Estratovolcán,False,False,Manam (Papua New Guinea)
2000,,Volcán en escudo,False,False,Kilauea (United States)
2005,3,Estratovolcán,False,False,Santa Ana (El Salvador)
2006,2,Estratovolcán,True,False,Soufriere Hills (Montserrat)
2015,,Estratovolcán,False,False,Calbuco (Chile)
2017,,Caldera,False,False,Campi Flegrei (Italy)
2018,,Estratovolcán,False,False,Kadovar (Papua New Guinea)
2018,,Estratovolcán,False,False,Ijen (Indonesia)
