timestamp,id,evento,nombre_jugador,edad_jugador,genero_jugador,estado,texto_ingresado,respuesta,nivel
1655432242.80533,db74505f-3fe3-476c-866d-872fea96a3b2,inicio_partida,NEO,80,Masculino,,,,Facil
1655432251.0367837,db74505f-3fe3-476c-866d-872fea96a3b2,intento,NEO,80,Masculino,ok,Christina Perri,Christina Perri,Facil
1655432253.948913,db74505f-3fe3-476c-866d-872fea96a3b2,intento,NEO,80,Masculino,error,Bazzi,Calvin Harris,Facil
1655432259.7520494,db74505f-3fe3-476c-866d-872fea96a3b2,intento,NEO,80,Masculino,error,Selena Gomez,Rae Sremmurd,Facil
1655432262.690958,db74505f-3fe3-476c-866d-872fea96a3b2,intento,NEO,80,Masculino,error,Lauv,Edward Maya,Facil
1655432265.1784065,db74505f-3fe3-476c-866d-872fea96a3b2,pasar,NEO,80,Masculino,,,Natalie La Rose,Facil
1655432268.5902793,db74505f-3fe3-476c-866d-872fea96a3b2,intento,NEO,80,Masculino,error,XXXTENTACION,Adele,Facil
1655432271.488929,db74505f-3fe3-476c-866d-872fea96a3b2,intento,NEO,80,Masculino,error,Migos,Future,Facil
1655432274.0159414,db74505f-3fe3-476c-866d-872fea96a3b2,pasar,NEO,80,Masculino,,,Taylor Swift,Facil
1655432277.1881802,db74505f-3fe3-476c-866d-872fea96a3b2,intento,NEO,80,Masculino,error,Daya,Iyaz,Facil
1655432280.5379517,db74505f-3fe3-476c-866d-872fea96a3b2,intento,NEO,80,Masculino,error,NF,Lana Del Rey,Facil
1655432344.359449,b8d68931-5986-4704-99ac-1f606dac48ae,inicio_partida,El Jose,80,Masculino,,,,Facil
1655432346.0972135,b8d68931-5986-4704-99ac-1f606dac48ae,intento,El Jose,80,Masculino,ok,David Guetta,David Guetta,Facil
1655432348.6520405,b8d68931-5986-4704-99ac-1f606dac48ae,pasar,El Jose,80,Masculino,,,Usher,Facil
1655432351.177747,b8d68931-5986-4704-99ac-1f606dac48ae,pasar,El Jose,80,Masculino,,,Rihanna,Facil
1655432354.3010337,b8d68931-5986-4704-99ac-1f606dac48ae,intento,El Jose,80,Masculino,error,Portugal. The Man,Dennis Lloyd,Facil
1655432357.4031804,b8d68931-5986-4704-99ac-1f606dac48ae,intento,El Jose,80,Masculino,error,Hozier,Taylor Swift,Facil
1655432360.7637186,b8d68931-5986-4704-99ac-1f606dac48ae,intento,El Jose,80,Masculino,error,Jason Derulo,Kehlani,Facil
1655432363.6523871,b8d68931-5986-4704-99ac-1f606dac48ae,intento,El Jose,80,Masculino,error,Tom Odell,B.o.B,Facil
1655432366.6296325,b8d68931-5986-4704-99ac-1f606dac48ae,intento,El Jose,80,Masculino,error,Rihanna,Echosmith,Facil
1655432369.5509381,b8d68931-5986-4704-99ac-1f606dac48ae,intento,El Jose,80,Masculino,error,Vance Joy,Chris Brown,Facil
1655432373.104697,b8d68931-5986-4704-99ac-1f606dac48ae,pasar,El Jose,80,Masculino,,,John Legend,Facil
1655432376.6515663,b8d68931-5986-4704-99ac-1f606dac48ae,fin,El Jose,80,Masculino,finalizada,,,Facil
1655432384.9997685,3c3f6710-3cef-459e-9013-0fbaf8af05f5,inicio_partida,El Jose,80,Masculino,,,,Facil
1655432386.1346774,3c3f6710-3cef-459e-9013-0fbaf8af05f5,intento,El Jose,80,Masculino,ok,Snoop Dogg,Snoop Dogg,Facil
1655432388.6636176,3c3f6710-3cef-459e-9013-0fbaf8af05f5,pasar,El Jose,80,Masculino,,,Calvin Harris,Facil
1655432391.70214,3c3f6710-3cef-459e-9013-0fbaf8af05f5,intento,El Jose,80,Masculino,error,Kodak Black,Taylor Swift,Facil
1655432394.5406597,3c3f6710-3cef-459e-9013-0fbaf8af05f5,pasar,El Jose,80,Masculino,,,Imagine Dragons,Facil
1655432398.4583833,3c3f6710-3cef-459e-9013-0fbaf8af05f5,fin,El Jose,80,Masculino,cancelada,,,Facil
1655495490.9993305,e1edc516-b996-42e9-97c3-a56a4080eaab,inicio_partida,NEO,80,Masculino,,,,Personalizado
1655495493.2302186,e1edc516-b996-42e9-97c3-a56a4080eaab,fin,NEO,80,Masculino,cancelada,,,Personalizado
1655524660.1977274,40d2a50d-2f04-44cc-9665-44a0f720d9a7,inicio_partida,Yayo,56,No Responde,,,,Normal
1655524669.0035539,40d2a50d-2f04-44cc-9665-44a0f720d9a7,intento,Yayo,56,No Responde,ok,Son of God,Son of God,Normal
1655524681.6198845,40d2a50d-2f04-44cc-9665-44a0f720d9a7,intento,Yayo,56,No Responde,error,Barton Fink,Jack Frost,Normal
1655524692.3482656,40d2a50d-2f04-44cc-9665-44a0f720d9a7,intento,Yayo,56,No Responde,error,The Last Stand,Operation Finale,Normal
1655524700.651766,40d2a50d-2f04-44cc-9665-44a0f720d9a7,intento,Yayo,56,No Responde,error,Contract Killer,The Fanatic,Normal
1655524710.1877773,40d2a50d-2f04-44cc-9665-44a0f720d9a7,intento,Yayo,56,No Responde,error,The Boy,Paparazzi,Normal
1655524720.971968,40d2a50d-2f04-44cc-9665-44a0f720d9a7,intento,Yayo,56,No Responde,ok,Barbie as the Island Princess,Barbie as the Island Princess,Normal
1655524724.7267914,40d2a50d-2f04-44cc-9665-44a0f720d9a7,fin,Yayo,56,No Responde,finalizada,,,Normal
1655525139.747745,8bb4f470-0e9b-4584-a181-df7cf94d801d,inicio_partida,Yayo,56,No Responde,,,,Dificil
1655525143.164549,8bb4f470-0e9b-4584-a181-df7cf94d801d,intento,Yayo,56,No Responde,error,A Knight's Tale,My Best Friend's Girl,Dificil
1655525149.2682273,8bb4f470-0e9b-4584-a181-df7cf94d801d,pasar,Yayo,56,No Responde,,,Die Hard: With a Vengeance,Dificil
1655525155.8356779,8bb4f470-0e9b-4584-a181-df7cf94d801d,intento,Yayo,56,No Responde,error,The Secret in Their Eyes,Spoiled Brats,Dificil
1655525161.148503,8bb4f470-0e9b-4584-a181-df7cf94d801d,intento,Yayo,56,No Responde,error,Boy Erased,Lovelace,Dificil
1655525166.564068,8bb4f470-0e9b-4584-a181-df7cf94d801d,intento,Yayo,56,No Responde,error,Money Monster,Friday the 13th Part VI: Jason Lives,Dificil
1655525171.1890802,8bb4f470-0e9b-4584-a181-df7cf94d801d,fin,Yayo,56,No Responde,finalizada,,,Dificil
1655525223.5720317,0d173ffa-5cb1-4980-bb53-a21beb15b960,inicio_partida,Yayo,56,No Responde,,,,Facil
1655525234.3731112,0d173ffa-5cb1-4980-bb53-a21beb15b960,intento,Yayo,56,No Responde,ok,Primer,Primer,Facil
1655525249.901184,0d173ffa-5cb1-4980-bb53-a21beb15b960,intento,Yayo,56,No Responde,error,Scary Stories to Tell in the Dark,The Bad Guys,Facil
1655525263.1401293,0d173ffa-5cb1-4980-bb53-a21beb15b960,intento,Yayo,56,No Responde,ok,Sam,Sam,Facil
1655525273.1727488,0d173ffa-5cb1-4980-bb53-a21beb15b960,intento,Yayo,56,No Responde,error,Bordertown: The Mural Murders,The Outlaws,Facil
1655525283.9011436,0d173ffa-5cb1-4980-bb53-a21beb15b960,intento,Yayo,56,No Responde,ok,Pokémon: Jirachi Wish Maker,Pokémon: Jirachi Wish Maker,Facil
1655525293.9807794,0d173ffa-5cb1-4980-bb53-a21beb15b960,intento,Yayo,56,No Responde,error,Problem Child 3: Junior in Love,Sexo Animal,Facil
1655525304.0691636,0d173ffa-5cb1-4980-bb53-a21beb15b960,intento,Yayo,56,No Responde,ok,Seed of Chucky,Seed of Chucky,Facil
1655525320.8149521,0d173ffa-5cb1-4980-bb53-a21beb15b960,intento,Yayo,56,No Responde,error,Avengers: Infinity War,The Absent-Minded Professor,Facil
1655525335.260843,0d173ffa-5cb1-4980-bb53-a21beb15b960,intento,Yayo,56,No Responde,error,Paddington,"I, Frankenstein",Facil
1655525342.5004508,0d173ffa-5cb1-4980-bb53-a21beb15b960,intento,Yayo,56,No Responde,ok,Mother's Day,Mother's Day,Facil
1655525345.9432013,0d173ffa-5cb1-4980-bb53-a21beb15b960,fin,Yayo,56,No Responde,finalizada,,,Facil
1655525481.9623935,5eb7f781-192d-4851-a93b-f9ed8cd99af4,inicio_partida,Yayo,56,No Responde,,,,Dificil
1655525484.564106,5eb7f781-192d-4851-a93b-f9ed8cd99af4,intento,Yayo,56,No Responde,ok,The Commando,The Commando,Dificil
1655525488.992355,5eb7f781-192d-4851-a93b-f9ed8cd99af4,intento,Yayo,56,No Responde,error,Young Mother 3,Omen III: The Final Conflict,Dificil
1655525493.5162787,5eb7f781-192d-4851-a93b-f9ed8cd99af4,intento,Yayo,56,No Responde,error,Bright: Samurai Soul,Rogue City,Dificil
1655525498.4616578,5eb7f781-192d-4851-a93b-f9ed8cd99af4,intento,Yayo,56,No Responde,ok,Pokémon the Movie: I Choose You!,Pokémon the Movie: I Choose You!,Dificil
1655525503.156283,5eb7f781-192d-4851-a93b-f9ed8cd99af4,intento,Yayo,56,No Responde,ok,Demons,Demons,Dificil
1655525509.0456965,5eb7f781-192d-4851-a93b-f9ed8cd99af4,fin,Yayo,56,No Responde,finalizada,,,Dificil
1655525533.9360526,6b9d2661-0e18-4985-8a64-39ae8618154f,inicio_partida,Yayo,56,No Responde,,,,Dificil
1655525535.3245046,6b9d2661-0e18-4985-8a64-39ae8618154f,intento,Yayo,56,No Responde,error,The Interview,Walking with Dinosaurs,Dificil
1655525540.9724224,6b9d2661-0e18-4985-8a64-39ae8618154f,intento,Yayo,56,No Responde,error,Casper,Down,Dificil
1655525545.6133168,6b9d2661-0e18-4985-8a64-39ae8618154f,pasar,Yayo,56,No Responde,,,The Disaster Artist,Dificil
1655525548.4210627,6b9d2661-0e18-4985-8a64-39ae8618154f,pasar,Yayo,56,No Responde,,,Tooth Fairy 2,Dificil
1655525551.1419175,6b9d2661-0e18-4985-8a64-39ae8618154f,pasar,Yayo,56,No Responde,,,I've Always Liked You,Dificil
1655525554.6927557,6b9d2661-0e18-4985-8a64-39ae8618154f,fin,Yayo,56,No Responde,finalizada,,,Dificil
1655553924.3651478,734bd10c-d566-450d-89c7-c3296dcb487b,inicio_partida,NEO,80,Masculino,,,,Facil
1655553926.6695306,734bd10c-d566-450d-89c7-c3296dcb487b,intento,NEO,80,Masculino,error,Eminem,George Ezra,Facil
1655553929.1983557,734bd10c-d566-450d-89c7-c3296dcb487b,pasar,NEO,80,Masculino,,,Jack Ü,Facil
1655553939.9259758,734bd10c-d566-450d-89c7-c3296dcb487b,fin,NEO,80,Masculino,cancelada,,,Facil
1655554743.2940998,281241cf-bbc9-42d8-9ce2-5ea4efbd7793,inicio_partida,NEO,80,Masculino,,,,Facil
1655554746.0603285,281241cf-bbc9-42d8-9ce2-5ea4efbd7793,intento,NEO,80,Masculino,error,Taylor Swift,Florida Georgia Line,Facil
1655554748.459158,281241cf-bbc9-42d8-9ce2-5ea4efbd7793,pasar,NEO,80,Masculino,,,3OH!3,Facil
1655554751.8303235,281241cf-bbc9-42d8-9ce2-5ea4efbd7793,intento,NEO,80,Masculino,ok,Taylor Swift,Taylor Swift,Facil
1655554756.2230232,281241cf-bbc9-42d8-9ce2-5ea4efbd7793,fin,NEO,80,Masculino,cancelada,,,Facil
1655556445.890672,718a9b56-c344-4ac3-bb30-869ace043bac,inicio_partida,Yoda,90,Otro,,,,Facil
1655556447.171071,718a9b56-c344-4ac3-bb30-869ace043bac,intento,Yoda,90,Otro,error,Marvin Mehlem,Haroune Camara,Facil
1655556450.0055716,718a9b56-c344-4ac3-bb30-869ace043bac,intento,Yoda,90,Otro,ok,Dan N'Lundulu,Dan N'Lundulu,Facil
1655556453.4140704,718a9b56-c344-4ac3-bb30-869ace043bac,intento,Yoda,90,Otro,error,Mikkel Maigaard,Henri Lansbury,Facil
1655556456.6491988,718a9b56-c344-4ac3-bb30-869ace043bac,intento,Yoda,90,Otro,error,Daiki Watari,Mu Kanazaki,Facil
1655556459.5854504,718a9b56-c344-4ac3-bb30-869ace043bac,intento,Yoda,90,Otro,ok,Uroš Duranovic,Uroš Duranovic,Facil
1655556462.5240626,718a9b56-c344-4ac3-bb30-869ace043bac,intento,Yoda,90,Otro,error,Alexander Brunst,Jonathan Bumbu,Facil
1655556467.9370494,718a9b56-c344-4ac3-bb30-869ace043bac,intento,Yoda,90,Otro,error,Ricardo Mangas,Sacramentinho,Facil
1655556471.1470215,718a9b56-c344-4ac3-bb30-869ace043bac,intento,Yoda,90,Otro,ok,Przemyslaw Frankowski,Przemyslaw Frankowski,Facil
1655556474.5150597,718a9b56-c344-4ac3-bb30-869ace043bac,pasar,Yoda,90,Otro,,,Callum Morton,Facil
1655556477.4904866,718a9b56-c344-4ac3-bb30-869ace043bac,pasar,Yoda,90,Otro,,,Alan Carvalho,Facil
1655556485.0730257,718a9b56-c344-4ac3-bb30-869ace043bac,fin,Yoda,90,Otro,finalizada,,,Facil
1655556935.0720918,62f039e0-2ca2-4635-b067-8785e3c73a3f,inicio_partida,Yoda,90,Otro,,,,Dificil
1655556936.5732534,62f039e0-2ca2-4635-b067-8785e3c73a3f,intento,Yoda,90,Otro,error,"Chichon, El (Mexico)",Komaga-take (Japan),Dificil
1655556939.6163366,62f039e0-2ca2-4635-b067-8785e3c73a3f,intento,Yoda,90,Otro,error,Pago (Papua New Guinea),Reventador (Ecuador),Dificil
1655556942.3232472,62f039e0-2ca2-4635-b067-8785e3c73a3f,intento,Yoda,90,Otro,error,Tinakula (Solomon Is.),Shishaldin (United States),Dificil
1655556945.1052444,62f039e0-2ca2-4635-b067-8785e3c73a3f,intento,Yoda,90,Otro,ok,Lokon-Empung (Indonesia),Lokon-Empung (Indonesia),Dificil
1655556949.2051213,62f039e0-2ca2-4635-b067-8785e3c73a3f,intento,Yoda,90,Otro,error,Usu (Japan),Raung (Indonesia),Dificil
1655556952.4012568,62f039e0-2ca2-4635-b067-8785e3c73a3f,fin,Yoda,90,Otro,finalizada,,,Dificil
1655597875.0034852,d053a3d5-d2f3-4099-b89b-1b545af68f22,inicio_partida,Yoda,90,Otro,,,,Facil
1655597876.9687161,d053a3d5-d2f3-4099-b89b-1b545af68f22,intento,Yoda,90,Otro,error,Ella Mai,Drake,Facil
1655597880.022396,d053a3d5-d2f3-4099-b89b-1b545af68f22,intento,Yoda,90,Otro,error,Lil Tecca,Future,Facil
1655597883.2479088,d053a3d5-d2f3-4099-b89b-1b545af68f22,intento,Yoda,90,Otro,ok,Nicki Minaj,Nicki Minaj,Facil
1655597886.1106207,d053a3d5-d2f3-4099-b89b-1b545af68f22,intento,Yoda,90,Otro,error,Galantis,One Direction,Facil
1655597889.103057,d053a3d5-d2f3-4099-b89b-1b545af68f22,intento,Yoda,90,Otro,ok,Florence + The Machine,Florence + The Machine,Facil
1655597892.0693624,d053a3d5-d2f3-4099-b89b-1b545af68f22,intento,Yoda,90,Otro,error,Beyoncé,Astrid S,Facil
1655597895.7632155,d053a3d5-d2f3-4099-b89b-1b545af68f22,intento,Yoda,90,Otro,error,Stormzy,The Vamps,Facil
1655597899.8163748,d053a3d5-d2f3-4099-b89b-1b545af68f22,intento,Yoda,90,Otro,error,Bruno Mars,Lewis Capaldi,Facil
1655597903.2086334,d053a3d5-d2f3-4099-b89b-1b545af68f22,intento,Yoda,90,Otro,error,Migos,Childish Gambino,Facil
1655597906.1113238,d053a3d5-d2f3-4099-b89b-1b545af68f22,intento,Yoda,90,Otro,error,Miguel,Kiesza,Facil
1655597909.5604599,d053a3d5-d2f3-4099-b89b-1b545af68f22,fin,Yoda,90,Otro,finalizada,,,Facil
1655599146.9313083,9bd27b9a-cb82-47ea-bd48-101902dba60b,inicio_partida,NEO,80,Masculino,,,,Facil
1655599150.5643654,9bd27b9a-cb82-47ea-bd48-101902dba60b,fin,NEO,80,Masculino,cancelada,,,Facil
1655671141.0801113,abfb306f-6836-4214-ad94-7d59c08930dc,inicio_partida,NEO,80,Masculino,,,,Facil
1655671165.1105604,abfb306f-6836-4214-ad94-7d59c08930dc,pasar,NEO,80,Masculino,,,The Last Survivors,Facil
1655671169.5257404,abfb306f-6836-4214-ad94-7d59c08930dc,intento,NEO,80,Masculino,error,Worth,G-Force,Facil
1655671172.5821626,abfb306f-6836-4214-ad94-7d59c08930dc,intento,NEO,80,Masculino,error,Rise of the Footsoldier: Origins,I Want You,Facil
1655671175.7699723,abfb306f-6836-4214-ad94-7d59c08930dc,intento,NEO,80,Masculino,error,Kung Fu Panda 3,Rush Hour 2,Facil
1655671178.8855922,abfb306f-6836-4214-ad94-7d59c08930dc,pasar,NEO,80,Masculino,,,The Jacket,Facil
1655671181.8140013,abfb306f-6836-4214-ad94-7d59c08930dc,intento,NEO,80,Masculino,error,Madea's Big Happy Family,Lost and Delirious,Facil
1655671187.3911364,abfb306f-6836-4214-ad94-7d59c08930dc,intento,NEO,80,Masculino,error,Hancock,Cat Ballou,Facil
1655671191.4123151,abfb306f-6836-4214-ad94-7d59c08930dc,intento,NEO,80,Masculino,error,Pokémon Ranger and the Temple of the Sea,Elisa & Marcela,Facil
1655671194.8148725,abfb306f-6836-4214-ad94-7d59c08930dc,intento,NEO,80,Masculino,error,The Cutting Edge: Going for the Gold,Teen Titans: The Judas Contract,Facil
1655671197.9246957,abfb306f-6836-4214-ad94-7d59c08930dc,intento,NEO,80,Masculino,ok,Under the Tuscan Sun,Under the Tuscan Sun,Facil
1655671201.4908824,abfb306f-6836-4214-ad94-7d59c08930dc,fin,NEO,80,Masculino,finalizada,,,Facil
1655735850.287313,6cffd964-552e-4fb8-890d-f235c9d3e92a,inicio_partida,Yoda,90,Otro,,,,Facil
1655735851.7378347,6cffd964-552e-4fb8-890d-f235c9d3e92a,intento,Yoda,90,Otro,error,Kid Ink,Meghan Trainor,Facil
1655735855.10785,6cffd964-552e-4fb8-890d-f235c9d3e92a,intento,Yoda,90,Otro,error,Lana Del Rey,Frank Ocean,Facil
1655735858.507823,6cffd964-552e-4fb8-890d-f235c9d3e92a,intento,Yoda,90,Otro,error,Lizzo,Selena Gomez,Facil
1655735861.347653,6cffd964-552e-4fb8-890d-f235c9d3e92a,intento,Yoda,90,Otro,ok,The xx,The xx,Facil
1655735864.6475322,6cffd964-552e-4fb8-890d-f235c9d3e92a,intento,Yoda,90,Otro,error,Bruno Mars,Logic,Facil
1655735867.5474982,6cffd964-552e-4fb8-890d-f235c9d3e92a,intento,Yoda,90,Otro,error,Hozier,Meghan Trainor,Facil
1655735870.3174396,6cffd964-552e-4fb8-890d-f235c9d3e92a,intento,Yoda,90,Otro,ok,Calvin Harris,Calvin Harris,Facil
1655735873.1776614,6cffd964-552e-4fb8-890d-f235c9d3e92a,intento,Yoda,90,Otro,ok,Daya,Daya,Facil
1655735876.2177558,6cffd964-552e-4fb8-890d-f235c9d3e92a,intento,Yoda,90,Otro,error,Anne-Marie,Marc E. Bassy,Facil
1655735879.0174725,6cffd964-552e-4fb8-890d-f235c9d3e92a,intento,Yoda,90,Otro,error,Alexandra Stan,One Direction,Facil
1655735881.9076447,6cffd964-552e-4fb8-890d-f235c9d3e92a,fin,Yoda,90,Otro,finalizada,,,Facil
1655776395.8346064,2fdeb1a7-8258-49fc-a9b5-7e0e674d651d,inicio_partida,NEO,80,Masculino,,,,Facil
1655776400.2235916,2fdeb1a7-8258-49fc-a9b5-7e0e674d651d,intento,NEO,80,Masculino,error,Jamie Paterson,Nizamdin Ependi,Facil
1655776403.0195043,2fdeb1a7-8258-49fc-a9b5-7e0e674d651d,intento,NEO,80,Masculino,error,Fernando Cornejo,Granit Xhaka,Facil
1655776405.780695,2fdeb1a7-8258-49fc-a9b5-7e0e674d651d,intento,NEO,80,Masculino,error,Hjörtur Hermannsson,Ibrahima Konaté,Facil
1655776409.3817935,2fdeb1a7-8258-49fc-a9b5-7e0e674d651d,intento,NEO,80,Masculino,error,Robert Mudrazija,Mads Døhr Thychosen,Facil
1655776413.066421,2fdeb1a7-8258-49fc-a9b5-7e0e674d651d,intento,NEO,80,Masculino,error,Christoph Monschein,Jesús Marimón,Facil
1655776415.9868321,2fdeb1a7-8258-49fc-a9b5-7e0e674d651d,intento,NEO,80,Masculino,ok,Ablie Jallow,Ablie Jallow,Facil
1655776418.955599,2fdeb1a7-8258-49fc-a9b5-7e0e674d651d,intento,NEO,80,Masculino,ok,Conor Masterson,Conor Masterson,Facil
1655776421.9512,2fdeb1a7-8258-49fc-a9b5-7e0e674d651d,intento,NEO,80,Masculino,error,Quincy Promes,Ben Coker,Facil
1655776425.2896743,2fdeb1a7-8258-49fc-a9b5-7e0e674d651d,intento,NEO,80,Masculino,error,Sandro Manoel,Flávio Rebeilo,Facil
1655776429.1866379,2fdeb1a7-8258-49fc-a9b5-7e0e674d651d,intento,NEO,80,Masculino,error,Konstantinos Triantafyllopoulos,Numa Lavanchy,Facil
1655776433.162586,2fdeb1a7-8258-49fc-a9b5-7e0e674d651d,fin,NEO,80,Masculino,finalizada,,,Facil
1655817723.3670168,2e702a5d-dfdf-4919-9650-bb50404cd4d6,inicio_partida,Trinity,55,Femenino,,,,Facil
1655817728.32692,2e702a5d-dfdf-4919-9650-bb50404cd4d6,intento,Trinity,55,Femenino,ok,The Dark Crystal,The Dark Crystal,Facil
1655817732.4768882,2e702a5d-dfdf-4919-9650-bb50404cd4d6,intento,Trinity,55,Femenino,error,Meet the Blacks,The Sandman,Facil
1655817736.3867414,2e702a5d-dfdf-4919-9650-bb50404cd4d6,intento,Trinity,55,Femenino,error,The Lady Vanishes,The Conjuring: The Devil Made Me Do It,Facil
1655817739.6068585,2e702a5d-dfdf-4919-9650-bb50404cd4d6,intento,Trinity,55,Femenino,error,The Italian Job,Ghost in the Shell 2.0,Facil
1655817743.050993,2e702a5d-dfdf-4919-9650-bb50404cd4d6,intento,Trinity,55,Femenino,error,Beirut,Reign of Fire,Facil
1655817745.8986454,2e702a5d-dfdf-4919-9650-bb50404cd4d6,intento,Trinity,55,Femenino,ok,A Funny Thing Happened on the Way to Thor's Hammer,A Funny Thing Happened on the Way to Thor's Hammer,Facil
1655817748.7966816,2e702a5d-dfdf-4919-9650-bb50404cd4d6,intento,Trinity,55,Femenino,error,Riley's First Date?,Resident Evil: Degeneration,Facil
1655817753.3710737,2e702a5d-dfdf-4919-9650-bb50404cd4d6,intento,Trinity,55,Femenino,error,Pulling Strings,Oculus,Facil
1655817756.3270917,2e702a5d-dfdf-4919-9650-bb50404cd4d6,intento,Trinity,55,Femenino,error,Magical Girl Lyrical Nanoha: Detonation,In the Shadow of the Moon,Facil
1655817759.8168106,2e702a5d-dfdf-4919-9650-bb50404cd4d6,intento,Trinity,55,Femenino,error,Domino,Yu-Gi-Oh! 3D: Bonds Beyond Time,Facil
1655817764.3289392,2e702a5d-dfdf-4919-9650-bb50404cd4d6,fin,Trinity,55,Femenino,finalizada,,,Facil
1655817776.9369419,efb72c7b-2471-4875-a556-d6a40715a60d,inicio_partida,Trinity,55,Femenino,,,,Facil
1655817778.5285125,efb72c7b-2471-4875-a556-d6a40715a60d,intento,Trinity,55,Femenino,error,Swedish House Mafia,Imagine Dragons,Facil
1655817781.4969208,efb72c7b-2471-4875-a556-d6a40715a60d,intento,Trinity,55,Femenino,ok,Ariana Grande,Ariana Grande,Facil
1655817784.076785,efb72c7b-2471-4875-a556-d6a40715a60d,pasar,Trinity,55,Femenino,,,B Young,Facil
1655817787.8568254,efb72c7b-2471-4875-a556-d6a40715a60d,pasar,Trinity,55,Femenino,,,Taio Cruz,Facil
1655817795.2286997,efb72c7b-2471-4875-a556-d6a40715a60d,fin,Trinity,55,Femenino,cancelada,,,Facil
1655818148.7011893,315ec352-94fc-4fdf-a19d-4452c1c7fe05,inicio_partida,Trinity,55,Femenino,,,,Dificil
1655818152.7467446,315ec352-94fc-4fdf-a19d-4452c1c7fe05,pasar,Trinity,55,Femenino,,,Toma Niga,Dificil
1655818161.1567643,315ec352-94fc-4fdf-a19d-4452c1c7fe05,pasar,Trinity,55,Femenino,,,Tom Duponchelle,Dificil
1655818167.0633268,315ec352-94fc-4fdf-a19d-4452c1c7fe05,fin,Trinity,55,Femenino,cancelada,,,Dificil
1655855070.8578293,9f8dcef1-e708-46ed-9114-50591adf57d5,inicio_partida,Trinity,55,Femenino,,,,Personalizado
1655855072.4716585,9f8dcef1-e708-46ed-9114-50591adf57d5,intento,Trinity,55,Femenino,error,Rae Sremmurd,Big Sean,Personalizado
1655855075.802635,9f8dcef1-e708-46ed-9114-50591adf57d5,intento,Trinity,55,Femenino,error,Linkin Park,Calvin Harris,Personalizado
1655855079.23663,9f8dcef1-e708-46ed-9114-50591adf57d5,intento,Trinity,55,Femenino,error,Ozuna,Ludacris,Personalizado
1655855082.0284438,9f8dcef1-e708-46ed-9114-50591adf57d5,intento,Trinity,55,Femenino,error,Big Shaq,Piso 21,Personalizado
1655855085.2450955,9f8dcef1-e708-46ed-9114-50591adf57d5,intento,Trinity,55,Femenino,error,Bad Bunny,Sidney Samson,Personalizado
1655855088.9821713,9f8dcef1-e708-46ed-9114-50591adf57d5,intento,Trinity,55,Femenino,error,KALEO,Clean Bandit,Personalizado
1655855092.0826652,9f8dcef1-e708-46ed-9114-50591adf57d5,intento,Trinity,55,Femenino,ok,Kris Allen,Kris Allen,Personalizado
1655855095.0881038,9f8dcef1-e708-46ed-9114-50591adf57d5,intento,Trinity,55,Femenino,error,K'NAAN,Tyga,Personalizado
1655855098.406695,9f8dcef1-e708-46ed-9114-50591adf57d5,intento,Trinity,55,Femenino,error,Demi Lovato,Matt Cardle,Personalizado
1655855101.2518914,9f8dcef1-e708-46ed-9114-50591adf57d5,intento,Trinity,55,Femenino,error,Calvin Harris,Fetty Wap,Personalizado
1655855104.7092538,9f8dcef1-e708-46ed-9114-50591adf57d5,fin,Trinity,55,Femenino,finalizada,,,Personalizado
1655855118.1225915,eea14e95-9cbb-4e8d-99b4-86bc8773340b,inicio_partida,Trinity,55,Femenino,,,,Personalizado
1655855119.2346275,eea14e95-9cbb-4e8d-99b4-86bc8773340b,intento,Trinity,55,Femenino,ok,Adam Hloušek,Adam Hloušek,Personalizado
1655855122.31202,eea14e95-9cbb-4e8d-99b4-86bc8773340b,intento,Trinity,55,Femenino,error,Juan Sánchez Miño,Nery Leyes,Personalizado
1655855125.708877,eea14e95-9cbb-4e8d-99b4-86bc8773340b,intento,Trinity,55,Femenino,error,Lucas Sanseviero,Raphaelito Anjos,Personalizado
1655855128.5626311,eea14e95-9cbb-4e8d-99b4-86bc8773340b,intento,Trinity,55,Femenino,error,Omar Bertel,Mihai Bala?a,Personalizado
1655855131.791653,eea14e95-9cbb-4e8d-99b4-86bc8773340b,intento,Trinity,55,Femenino,error,Fredrik Jensen,Ángel González,Personalizado
1655855135.1456091,eea14e95-9cbb-4e8d-99b4-86bc8773340b,intento,Trinity,55,Femenino,error,Park Gi Dong,Christian Tabó,Personalizado
1655855139.1616375,eea14e95-9cbb-4e8d-99b4-86bc8773340b,intento,Trinity,55,Femenino,error,Peter Kurzweg,Ersin Zehir,Personalizado
1655855142.483801,eea14e95-9cbb-4e8d-99b4-86bc8773340b,intento,Trinity,55,Femenino,error,Marcos Ovejero,Stephane Acka,Personalizado
1655855145.418143,eea14e95-9cbb-4e8d-99b4-86bc8773340b,intento,Trinity,55,Femenino,error,Marko Kolar,Massimiliano Busellato,Personalizado
1655855148.532507,eea14e95-9cbb-4e8d-99b4-86bc8773340b,intento,Trinity,55,Femenino,ok,Rodrigo Bogarín,Rodrigo Bogarín,Personalizado
1655855152.3876598,eea14e95-9cbb-4e8d-99b4-86bc8773340b,fin,Trinity,55,Femenino,finalizada,,,Personalizado
1655855164.6178842,40a0a930-4a62-47f0-ab03-4ebfb4827310,inicio_partida,Trinity,55,Femenino,,,,Personalizado
1655855165.9088507,40a0a930-4a62-47f0-ab03-4ebfb4827310,intento,Trinity,55,Femenino,error,All American Bikini Car Wash,FernGully: The Last Rainforest,Personalizado
1655855181.3506076,40a0a930-4a62-47f0-ab03-4ebfb4827310,intento,Trinity,55,Femenino,error,Doomsday,You've Got Mail,Personalizado
1655855184.6165204,40a0a930-4a62-47f0-ab03-4ebfb4827310,intento,Trinity,55,Femenino,error,Hotel Artemis,The Rookie,Personalizado
1655855187.8495822,40a0a930-4a62-47f0-ab03-4ebfb4827310,intento,Trinity,55,Femenino,error,Enron: The Smartest Guys in the Room,Poseidon Rex,Personalizado
1655855190.6996176,40a0a930-4a62-47f0-ab03-4ebfb4827310,intento,Trinity,55,Femenino,ok,Phineas and Ferb: Star Wars,Phineas and Ferb: Star Wars,Personalizado
1655855193.578601,40a0a930-4a62-47f0-ab03-4ebfb4827310,intento,Trinity,55,Femenino,error,Robot,The Haunting in Connecticut 2: Ghosts of Georgia,Personalizado
1655855196.5969636,40a0a930-4a62-47f0-ab03-4ebfb4827310,intento,Trinity,55,Femenino,ok,Empire of the Sun,Empire of the Sun,Personalizado
1655855199.549138,40a0a930-4a62-47f0-ab03-4ebfb4827310,intento,Trinity,55,Femenino,error,Mother's Day,The Boss Baby: Get That Baby!,Personalizado
1655855202.657541,40a0a930-4a62-47f0-ab03-4ebfb4827310,intento,Trinity,55,Femenino,error,Disturbia,La Cantera,Personalizado
1655855205.5438156,40a0a930-4a62-47f0-ab03-4ebfb4827310,intento,Trinity,55,Femenino,ok,Funeral Parade of Roses,Funeral Parade of Roses,Personalizado
1655855208.8319817,40a0a930-4a62-47f0-ab03-4ebfb4827310,fin,Trinity,55,Femenino,finalizada,,,Personalizado
1655908920.1048052,f9fe2aea-cb60-49d7-a8a5-b0b8bdd6916d,inicio_partida,Yayo,56,No Responde,,,,Dificil
1655908921.1348572,f9fe2aea-cb60-49d7-a8a5-b0b8bdd6916d,intento,Yayo,56,No Responde,error,The Hot Spot,Street Kings,Dificil
1655908926.1665776,f9fe2aea-cb60-49d7-a8a5-b0b8bdd6916d,timeout,Yayo,56,No Responde,error,,Dragonfly,Dificil
1655908934.3314493,f9fe2aea-cb60-49d7-a8a5-b0b8bdd6916d,timeout,Yayo,56,No Responde,error,,PAW Patrol: Jet To The Rescue,Dificil
1655908943.2632165,f9fe2aea-cb60-49d7-a8a5-b0b8bdd6916d,timeout,Yayo,56,No Responde,error,,Lords of Scam,Dificil
1655908949.5648966,f9fe2aea-cb60-49d7-a8a5-b0b8bdd6916d,intento,Yayo,56,No Responde,error,The Ring,Star Trek: First Contact,Dificil
1655908955.9656188,f9fe2aea-cb60-49d7-a8a5-b0b8bdd6916d,fin,Yayo,56,No Responde,finalizada,,,Dificil
1655909109.2374709,c5156743-15e6-4de0-aec7-459646efa7f5,inicio_partida,Yayo,56,No Responde,,,,Personalizado
1655909113.268061,c5156743-15e6-4de0-aec7-459646efa7f5,timeout,Yayo,56,No Responde,error,,Rachid Bouhenna,Personalizado
1655909120.3377862,c5156743-15e6-4de0-aec7-459646efa7f5,timeout,Yayo,56,No Responde,error,,Kwame Poku,Personalizado
1655909123.7633276,c5156743-15e6-4de0-aec7-459646efa7f5,intento,Yayo,56,No Responde,error,Lloyd Palun,Haris Belkebla,Personalizado
1655909127.0161424,c5156743-15e6-4de0-aec7-459646efa7f5,intento,Yayo,56,No Responde,error,Jonathan Augustinsson,Alessandro Rosina,Personalizado
1655909130.8929608,c5156743-15e6-4de0-aec7-459646efa7f5,pasar,Yayo,56,No Responde,,,Shaun Whalley,Personalizado
1655909133.254171,c5156743-15e6-4de0-aec7-459646efa7f5,fin,Yayo,56,No Responde,finalizada,,,Personalizado
1655909146.656967,d6fb22cd-017d-429f-bdbc-d81433386241,inicio_partida,NEO,80,Masculino,,,,Personalizado
1655909148.0509567,d6fb22cd-017d-429f-bdbc-d81433386241,intento,NEO,80,Masculino,error,Driving Miss Daisy,Ranma ½: The Movie 2 — The Battle of Togenkyo: Rescue the Brides!,Personalizado
1655909153.1689825,d6fb22cd-017d-429f-bdbc-d81433386241,timeout,NEO,80,Masculino,error,,Transporter 2,Personalizado
1655909156.107502,d6fb22cd-017d-429f-bdbc-d81433386241,intento,NEO,80,Masculino,error,Moon Crash,Blade of the Immortal,Personalizado
1655909158.0195658,d6fb22cd-017d-429f-bdbc-d81433386241,pasar,NEO,80,Masculino,,,On a Magical Night,Personalizado
1655909163.1201816,d6fb22cd-017d-429f-bdbc-d81433386241,timeout,NEO,80,Masculino,error,,Blue Crush,Personalizado
1655909166.285156,d6fb22cd-017d-429f-bdbc-d81433386241,fin,NEO,80,Masculino,finalizada,,,Personalizado
1655909183.8157108,3cc17575-8550-4bc1-958c-efa101095025,inicio_partida,NEO,80,Masculino,,,,Personalizado
1655909184.958819,3cc17575-8550-4bc1-958c-efa101095025,intento,NEO,80,Masculino,error,Sideshow,Tapped Out,Personalizado
1655909190.0002124,3cc17575-8550-4bc1-958c-efa101095025,timeout,NEO,80,Masculino,error,,Saint Seiya: Legend of Crimson Youth,Personalizado
1655909193.3949187,3cc17575-8550-4bc1-958c-efa101095025,intento,NEO,80,Masculino,ok,Dragons: Rescue Riders: Secrets of the Songwing,Dragons: Rescue Riders: Secrets of the Songwing,Personalizado
1655909195.540044,3cc17575-8550-4bc1-958c-efa101095025,intento,NEO,80,Masculino,ok,Marriage Story,Marriage Story,Personalizado
1655909197.692933,3cc17575-8550-4bc1-958c-efa101095025,intento,NEO,80,Masculino,ok,Sissi: The Fateful Years of an Empress,Sissi: The Fateful Years of an Empress,Personalizado
1655909200.4006534,3cc17575-8550-4bc1-958c-efa101095025,fin,NEO,80,Masculino,finalizada,,,Personalizado
1655909214.2901845,735d47d3-faf4-4d01-8d71-3c25c224adfa,inicio_partida,Trinity,55,Femenino,,,,Personalizado
1655909215.3888674,735d47d3-faf4-4d01-8d71-3c25c224adfa,intento,Trinity,55,Femenino,error,Martha Marcy May Marlene,Honey 2,Personalizado
1655909217.6074245,735d47d3-faf4-4d01-8d71-3c25c224adfa,intento,Trinity,55,Femenino,error,EverAfter,The King of Fighters,Personalizado
1655909222.711224,735d47d3-faf4-4d01-8d71-3c25c224adfa,timeout,Trinity,55,Femenino,error,,The Fixies: Top Secret,Personalizado
1655909228.824483,735d47d3-faf4-4d01-8d71-3c25c224adfa,timeout,Trinity,55,Femenino,error,,I Give My First Love to You,Personalizado
1655909232.2520163,735d47d3-faf4-4d01-8d71-3c25c224adfa,intento,Trinity,55,Femenino,error,Scooby-Doo! and the Legend of the Vampire,A Man Apart,Personalizado
1655909234.610778,735d47d3-faf4-4d01-8d71-3c25c224adfa,fin,Trinity,55,Femenino,finalizada,,,Personalizado
1655933965.3686192,be0dd805-d28a-49c8-a9e7-145da44e0e1f,inicio_partida,NEO,80,Masculino,,,,Facil
1655933969.1718254,be0dd805-d28a-49c8-a9e7-145da44e0e1f,intento,NEO,80,Masculino,error,In for a Murder,The Hunchback of Notre Dame II,Facil
1655933974.3846571,be0dd805-d28a-49c8-a9e7-145da44e0e1f,fin,NEO,80,Masculino,cancelada,,,Facil
1655996132.7380774,7cdf0cf8-8636-40f5-bc37-c869585dd67c,inicio_partida,Amelia,30,Femenino,,,,Dificil
1655996133.625599,7cdf0cf8-8636-40f5-bc37-c869585dd67c,intento,Amelia,30,Femenino,error,Trust,Ringu 2,Dificil
1655996135.4962144,7cdf0cf8-8636-40f5-bc37-c869585dd67c,intento,Amelia,30,Femenino,error,Tailgate,Match Point,Dificil
1655996137.3204906,7cdf0cf8-8636-40f5-bc37-c869585dd67c,intento,Amelia,30,Femenino,error,PlayTime,Wildling,Dificil
1655996139.1404161,7cdf0cf8-8636-40f5-bc37-c869585dd67c,intento,Amelia,30,Femenino,error,Monster High: Scaris City of Frights,Suicide Squad,Dificil
1655996140.9143558,7cdf0cf8-8636-40f5-bc37-c869585dd67c,intento,Amelia,30,Femenino,error,Curly Sue,Host,Dificil
1655996142.9154098,7cdf0cf8-8636-40f5-bc37-c869585dd67c,fin,Amelia,30,Femenino,finalizada,,,Dificil
1655996202.6903925,8dabcb34-bff7-4013-a5e7-4c180016b695,inicio_partida,kaggel,28,No Binario,,,,Dificil
1655996203.829676,8dabcb34-bff7-4013-a5e7-4c180016b695,intento,kaggel,28,No Binario,ok,Tullu Moje (Ethiopia),Tullu Moje (Ethiopia),Dificil
1655996206.1159284,8dabcb34-bff7-4013-a5e7-4c180016b695,intento,kaggel,28,No Binario,error,Merapi (Indonesia),Akita-Yake-yama (Japan),Dificil
1655996207.9350579,8dabcb34-bff7-4013-a5e7-4c180016b695,intento,kaggel,28,No Binario,error,Soufriere Guadeloupe (Guadeloupe),Kuwae (Vanuatu),Dificil
1655996213.0554175,8dabcb34-bff7-4013-a5e7-4c180016b695,timeout,kaggel,28,No Binario,error,,Fayal (Portugal),Dificil
1655996217.3555741,8dabcb34-bff7-4013-a5e7-4c180016b695,pasar,kaggel,28,No Binario,,,"Negro, Cerro (Nicaragua)",Dificil
1655996219.5555577,8dabcb34-bff7-4013-a5e7-4c180016b695,fin,kaggel,28,No Binario,finalizada,,,Dificil
1656009674.7735054,d556c8fc-aebb-47a6-907c-061865b4c4cc,inicio_partida,NEO,80,Masculino,,,,Dificil
1656009676.111682,d556c8fc-aebb-47a6-907c-061865b4c4cc,intento,NEO,80,Masculino,error,Jérôme Hergault,Marco Mancosu,Dificil
1656009678.531638,d556c8fc-aebb-47a6-907c-061865b4c4cc,intento,NEO,80,Masculino,error,Dmitry Markitesov,Darius Olaru,Dificil
1656009681.2715542,d556c8fc-aebb-47a6-907c-061865b4c4cc,intento,NEO,80,Masculino,error,Andrea Meroni,Martín Nervo,Dificil
1656009683.1019912,d556c8fc-aebb-47a6-907c-061865b4c4cc,intento,NEO,80,Masculino,ok,Tobias Kainz,Tobias Kainz,Dificil
1656009685.1917841,d556c8fc-aebb-47a6-907c-061865b4c4cc,intento,NEO,80,Masculino,error,Alexander Szymanowski,Sergio Herrera,Dificil
1656009689.810834,d556c8fc-aebb-47a6-907c-061865b4c4cc,fin,NEO,80,Masculino,finalizada,,,Dificil
1656009702.031546,7d3980e5-8462-4c6a-a495-787b6af1e816,inicio_partida,NEO,80,Masculino,,,,Dificil
1656009702.851941,7d3980e5-8462-4c6a-a495-787b6af1e816,intento,NEO,80,Masculino,error,Invisible Sister,Ocean's Eleven,Dificil
1656009704.7118506,7d3980e5-8462-4c6a-a495-787b6af1e816,intento,NEO,80,Masculino,error,Blood Out,Dreamcatcher,Dificil
1656009706.6616375,7d3980e5-8462-4c6a-a495-787b6af1e816,intento,NEO,80,Masculino,error,Escape from Sobibor,Gurren Lagann the Movie: Childhood's End,Dificil
1656009708.4862278,7d3980e5-8462-4c6a-a495-787b6af1e816,intento,NEO,80,Masculino,ok,The Legend of Drunken Master,The Legend of Drunken Master,Dificil
1656009711.2416391,7d3980e5-8462-4c6a-a495-787b6af1e816,intento,NEO,80,Masculino,error,Paranormal Activity: Tokyo Night,The Fall of the Roman Empire,Dificil
1656009713.4615467,7d3980e5-8462-4c6a-a495-787b6af1e816,fin,NEO,80,Masculino,finalizada,,,Dificil
1656011152.4566238,ee2040c5-fd84-42d7-8806-54ce7073621b,inicio_partida,kaggel,28,No Binario,,,,Dificil
1656011156.539787,ee2040c5-fd84-42d7-8806-54ce7073621b,timeout,kaggel,28,No Binario,error,,Vilyuchik (Russia),Dificil
1656011159.3457997,ee2040c5-fd84-42d7-8806-54ce7073621b,intento,kaggel,28,No Binario,error,Ambalatungan Group (Philippines),Karthala (Comoros),Dificil
1656011162.6672537,ee2040c5-fd84-42d7-8806-54ce7073621b,pasar,kaggel,28,No Binario,,,Stromboli (Italy),Dificil
1656011164.9957635,ee2040c5-fd84-42d7-8806-54ce7073621b,intento,kaggel,28,No Binario,error,Pacaya (Guatemala),Hekla (Iceland),Dificil
1656011167.11261,ee2040c5-fd84-42d7-8806-54ce7073621b,intento,kaggel,28,No Binario,error,Masaya (Nicaragua),Mayon (Philippines),Dificil
1656011169.656674,ee2040c5-fd84-42d7-8806-54ce7073621b,fin,kaggel,28,No Binario,finalizada,,,Dificil
1656076619.0804877,20791b90-9676-452f-9658-8daad91acdd1,inicio_partida,Amelia,30,Femenino,,,,Dificil
1656076623.091228,20791b90-9676-452f-9658-8daad91acdd1,timeout,Amelia,30,Femenino,error,,The Collini Case,Dificil
1656076626.1803203,20791b90-9676-452f-9658-8daad91acdd1,intento,Amelia,30,Femenino,error,Miss Violence,Wallace & Gromit: The Curse of the Were-Rabbit,Dificil
1656076628.0752983,20791b90-9676-452f-9658-8daad91acdd1,intento,Amelia,30,Femenino,error,Hulk vs. Wolverine,Assassins,Dificil
1656076629.8963332,20791b90-9676-452f-9658-8daad91acdd1,intento,Amelia,30,Femenino,error,Eragon,The Tin Drum,Dificil
1656076631.8028584,20791b90-9676-452f-9658-8daad91acdd1,intento,Amelia,30,Femenino,error,Birds of Prey (and the Fantabulous Emancipation of One Harley Quinn),Someone Like You...,Dificil
1656076634.4896948,20791b90-9676-452f-9658-8daad91acdd1,fin,Amelia,30,Femenino,finalizada,,,Dificil
1656090727.192059,b4076edd-a2a3-4989-92a4-8371656b9400,inicio_partida,Fuwa,19,Femenino,,,,Normal
1656090730.863001,b4076edd-a2a3-4989-92a4-8371656b9400,intento,Fuwa,19,Femenino,error,Nicolás Colazo,Juan Angulo,Normal
1656090735.0082204,b4076edd-a2a3-4989-92a4-8371656b9400,intento,Fuwa,19,Femenino,error,Bright Edomwonyi,Sori Mané,Normal
1656090739.8310797,b4076edd-a2a3-4989-92a4-8371656b9400,intento,Fuwa,19,Femenino,error,Daniel Anyembe,Jamie Murphy,Normal
1656090745.10337,b4076edd-a2a3-4989-92a4-8371656b9400,intento,Fuwa,19,Femenino,error,Ha Chang Rae,Rémy Riou,Normal
1656090751.6222076,b4076edd-a2a3-4989-92a4-8371656b9400,intento,Fuwa,19,Femenino,error,Marcus Mathisen,Gadi Kinda,Normal
1656090757.3740041,b4076edd-a2a3-4989-92a4-8371656b9400,intento,Fuwa,19,Femenino,error,Hardy Cavero,Brandon Thomas,Normal
1656090761.8380349,b4076edd-a2a3-4989-92a4-8371656b9400,intento,Fuwa,19,Femenino,ok,Koji Miyoshi,Koji Miyoshi,Normal
1656090769.1512735,b4076edd-a2a3-4989-92a4-8371656b9400,intento,Fuwa,19,Femenino,error,Florian Dietz,Caio,Normal
1656090771.359966,b4076edd-a2a3-4989-92a4-8371656b9400,fin,Fuwa,19,Femenino,finalizada,,,Normal
1656090783.4242456,21f0f683-db78-4c7c-a158-8f75d152ec1b,inicio_partida,Fuwa,19,Femenino,,,,Dificil
1656090785.5189977,21f0f683-db78-4c7c-a158-8f75d152ec1b,intento,Fuwa,19,Femenino,ok,Alexander Sørloth,Alexander Sørloth,Dificil
1656090790.5470557,21f0f683-db78-4c7c-a158-8f75d152ec1b,timeout,Fuwa,19,Femenino,error,,Isak Magnusson,Dificil
1656090793.1437476,21f0f683-db78-4c7c-a158-8f75d152ec1b,intento,Fuwa,19,Femenino,ok,Ronald Vargas,Ronald Vargas,Dificil
1656090798.2758994,21f0f683-db78-4c7c-a158-8f75d152ec1b,timeout,Fuwa,19,Femenino,error,,Sindrit Guri,Dificil
1656090800.7752256,21f0f683-db78-4c7c-a158-8f75d152ec1b,intento,Fuwa,19,Femenino,error,Dario Tadic,Michele Marconi,Dificil
1656090802.9664426,21f0f683-db78-4c7c-a158-8f75d152ec1b,fin,Fuwa,19,Femenino,finalizada,,,Dificil
1656090812.70783,7d15943d-e8ed-456e-9bb8-75b760d6c310,inicio_partida,Fuwa,19,Femenino,,,,Facil
1656090824.8616796,7d15943d-e8ed-456e-9bb8-75b760d6c310,intento,Fuwa,19,Femenino,error,One Million Years B.C.,Primal: Tales of Savagery,Facil
1656090832.311022,7d15943d-e8ed-456e-9bb8-75b760d6c310,intento,Fuwa,19,Femenino,ok,Being the Ricardos,Being the Ricardos,Facil
1656090841.590579,7d15943d-e8ed-456e-9bb8-75b760d6c310,intento,Fuwa,19,Femenino,ok,Barbie: A Perfect Christmas,Barbie: A Perfect Christmas,Facil
1656090852.0378792,7d15943d-e8ed-456e-9bb8-75b760d6c310,intento,Fuwa,19,Femenino,ok,Scooby-Doo! in Where's My Mummy?,Scooby-Doo! in Where's My Mummy?,Facil
1656090860.005918,7d15943d-e8ed-456e-9bb8-75b760d6c310,intento,Fuwa,19,Femenino,error,One Piece Episode of Merry: The Tale of One More Friend,Miracles from Heaven,Facil
1656090867.1258216,7d15943d-e8ed-456e-9bb8-75b760d6c310,intento,Fuwa,19,Femenino,ok,Sex Appeal,Sex Appeal,Facil
1656090871.983015,7d15943d-e8ed-456e-9bb8-75b760d6c310,intento,Fuwa,19,Femenino,error,100 Girls,The Guru,Facil
1656090877.0793269,7d15943d-e8ed-456e-9bb8-75b760d6c310,intento,Fuwa,19,Femenino,error,Leatherface: The Texas Chainsaw Massacre III,Black as Night,Facil
1656090883.4137661,7d15943d-e8ed-456e-9bb8-75b760d6c310,intento,Fuwa,19,Femenino,error,Peach Girl,Django Unchained,Facil
1656090889.8470643,7d15943d-e8ed-456e-9bb8-75b760d6c310,intento,Fuwa,19,Femenino,ok,Marriage Story,Marriage Story,Facil
1656090891.8058171,7d15943d-e8ed-456e-9bb8-75b760d6c310,fin,Fuwa,19,Femenino,finalizada,,,Facil
1656090904.5366116,925f94f0-4b0c-489d-b069-9ee470d5c06d,inicio_partida,Fuwa,19,Femenino,,,,Facil
1656090910.5014663,925f94f0-4b0c-489d-b069-9ee470d5c06d,intento,Fuwa,19,Femenino,error,Demi Lovato,Kesha,Facil
1656090916.81887,925f94f0-4b0c-489d-b069-9ee470d5c06d,intento,Fuwa,19,Femenino,ok,Imagine Dragons,Imagine Dragons,Facil
1656090921.7256358,925f94f0-4b0c-489d-b069-9ee470d5c06d,intento,Fuwa,19,Femenino,ok,BØRNS,BØRNS,Facil
1656090929.5908256,925f94f0-4b0c-489d-b069-9ee470d5c06d,intento,Fuwa,19,Femenino,error,Ashley O,Diddy - Dirty Money,Facil
1656090934.269618,925f94f0-4b0c-489d-b069-9ee470d5c06d,intento,Fuwa,19,Femenino,error,Taylor Swift,Ariana Grande,Facil
1656090942.8707254,925f94f0-4b0c-489d-b069-9ee470d5c06d,intento,Fuwa,19,Femenino,ok,Bruno Mars,Bruno Mars,Facil
1656090947.1348279,925f94f0-4b0c-489d-b069-9ee470d5c06d,intento,Fuwa,19,Femenino,error,The Weeknd,Omarion,Facil
1656090960.2389154,925f94f0-4b0c-489d-b069-9ee470d5c06d,intento,Fuwa,19,Femenino,error,Florida Georgia Line,Sam Smith,Facil
1656090965.3256917,925f94f0-4b0c-489d-b069-9ee470d5c06d,intento,Fuwa,19,Femenino,error,Rihanna,Adele,Facil
1656090970.8056436,925f94f0-4b0c-489d-b069-9ee470d5c06d,intento,Fuwa,19,Femenino,error,OneRepublic,The 1975,Facil
1656090973.3056116,925f94f0-4b0c-489d-b069-9ee470d5c06d,fin,Fuwa,19,Femenino,finalizada,,,Facil
1656090981.0533638,3c9ccd86-acf5-44e2-b4fc-8ce8c65a582f,inicio_partida,Fuwa,19,Femenino,,,,Facil
1656090990.2454755,3c9ccd86-acf5-44e2-b4fc-8ce8c65a582f,intento,Fuwa,19,Femenino,ok,Michoacan-Guanajuato (Mexico),Michoacan-Guanajuato (Mexico),Facil
1656090998.6856482,3c9ccd86-acf5-44e2-b4fc-8ce8c65a582f,intento,Fuwa,19,Femenino,error,Asama (Japan),Papandayan (Indonesia),Facil
1656091006.1014917,3c9ccd86-acf5-44e2-b4fc-8ce8c65a582f,intento,Fuwa,19,Femenino,error,Semeru (Indonesia),Aso (Japan),Facil
1656091012.694524,3c9ccd86-acf5-44e2-b4fc-8ce8c65a582f,intento,Fuwa,19,Femenino,error,Sakura-jima (Japan),Karangetang [Api Siau] (Indonesia),Facil
1656091018.6132088,3c9ccd86-acf5-44e2-b4fc-8ce8c65a582f,intento,Fuwa,19,Femenino,error,Sakura-jima (Japan),Gamalama (Indonesia),Facil
1656091027.4775527,3c9ccd86-acf5-44e2-b4fc-8ce8c65a582f,intento,Fuwa,19,Femenino,error,Sinabung (Indonesia),Etna (Italy),Facil
1656091031.2547169,3c9ccd86-acf5-44e2-b4fc-8ce8c65a582f,intento,Fuwa,19,Femenino,error,Camiguin (Philippines),"Cameroon, Mt. (Cameroon)",Facil
1656091034.3251693,3c9ccd86-acf5-44e2-b4fc-8ce8c65a582f,intento,Fuwa,19,Femenino,error,Savo (Solomon Is.),Tungurahua (Ecuador),Facil
1656091036.8375506,3c9ccd86-acf5-44e2-b4fc-8ce8c65a582f,intento,Fuwa,19,Femenino,error,Merapi (Indonesia)0,Redoubt (United States),Facil
1656091039.4454973,3c9ccd86-acf5-44e2-b4fc-8ce8c65a582f,intento,Fuwa,19,Femenino,error,Aso (Japan),Vesuvius (Italy),Facil
1656091041.5847087,3c9ccd86-acf5-44e2-b4fc-8ce8c65a582f,fin,Fuwa,19,Femenino,finalizada,,,Facil
1656091058.105797,199c5821-5a42-46c9-8158-aec3f24a4def,inicio_partida,Fuwa,19,Femenino,,,,Normal
1656091064.0786743,199c5821-5a42-46c9-8158-aec3f24a4def,intento,Fuwa,19,Femenino,error,David Guetta,Example,Normal
1656091070.3506541,199c5821-5a42-46c9-8158-aec3f24a4def,intento,Fuwa,19,Femenino,error,Justin Bieber,MK,Normal
1656091077.533501,199c5821-5a42-46c9-8158-aec3f24a4def,intento,Fuwa,19,Femenino,ok,Linkin Park,Linkin Park,Normal
1656091084.2292254,199c5821-5a42-46c9-8158-aec3f24a4def,intento,Fuwa,19,Femenino,ok,Bruno Mars,Bruno Mars,Normal
1656091093.4453762,199c5821-5a42-46c9-8158-aec3f24a4def,intento,Fuwa,19,Femenino,error,Ashley O,Drake,Normal
1656091101.8454676,199c5821-5a42-46c9-8158-aec3f24a4def,intento,Fuwa,19,Femenino,ok,Young Thug,Young Thug,Normal
1656091109.4704978,199c5821-5a42-46c9-8158-aec3f24a4def,intento,Fuwa,19,Femenino,error,One Direction,INNA,Normal
1656091116.2706857,199c5821-5a42-46c9-8158-aec3f24a4def,intento,Fuwa,19,Femenino,error,Black Eyed Peas,Rihanna,Normal
1656091118.3097453,199c5821-5a42-46c9-8158-aec3f24a4def,fin,Fuwa,19,Femenino,finalizada,,,Normal
1656091130.848675,3338aad0-abde-4f60-97b0-43fc97ab37be,inicio_partida,Fuwa,19,Femenino,,,,Dificil
1656091133.6213036,3338aad0-abde-4f60-97b0-43fc97ab37be,intento,Fuwa,19,Femenino,error,Anomalisa,Gringo,Dificil
1656091136.4944773,3338aad0-abde-4f60-97b0-43fc97ab37be,intento,Fuwa,19,Femenino,error,Wotakoi: Love is Hard for Otaku,High Plains Drifter,Dificil
1656091139.862449,3338aad0-abde-4f60-97b0-43fc97ab37be,intento,Fuwa,19,Femenino,error,A Boy Called Christmas,Sierra Burgess Is a Loser,Dificil
1656091142.031332,3338aad0-abde-4f60-97b0-43fc97ab37be,intento,Fuwa,19,Femenino,ok,Beverly Hills Cop III,Beverly Hills Cop III,Dificil
1656091144.7906442,3338aad0-abde-4f60-97b0-43fc97ab37be,intento,Fuwa,19,Femenino,error,All Dogs Go to Heaven,The Fan,Dificil
1656091147.3776028,3338aad0-abde-4f60-97b0-43fc97ab37be,fin,Fuwa,19,Femenino,finalizada,,,Dificil
1656099964.2753248,f95db774-0975-4bae-8aea-882cce7e8d49,inicio_partida,NEO,80,Masculino,,,,Facil
1656099965.577273,f95db774-0975-4bae-8aea-882cce7e8d49,intento,NEO,80,Masculino,error,The Talented Mr. Ripley,Exposed,Facil
1656099968.3612113,f95db774-0975-4bae-8aea-882cce7e8d49,intento,NEO,80,Masculino,error,Booksmart,Down,Facil
1656099969.7442842,f95db774-0975-4bae-8aea-882cce7e8d49,pasar,NEO,80,Masculino,,,Pete's Dragon,Facil
1656099971.0922163,f95db774-0975-4bae-8aea-882cce7e8d49,pasar,NEO,80,Masculino,,,Primeval,Facil
1656099972.508214,f95db774-0975-4bae-8aea-882cce7e8d49,pasar,NEO,80,Masculino,,,The Butler,Facil
1656099973.8996365,f95db774-0975-4bae-8aea-882cce7e8d49,pasar,NEO,80,Masculino,,,Annie Hall,Facil
1656099975.3295903,f95db774-0975-4bae-8aea-882cce7e8d49,pasar,NEO,80,Masculino,,,Le Gendarme de Saint-Tropez,Facil
1656099977.4551885,f95db774-0975-4bae-8aea-882cce7e8d49,intento,NEO,80,Masculino,error,Twilight Zone: The Movie,Teen Titans: Trouble in Tokyo,Facil
1656099979.189345,f95db774-0975-4bae-8aea-882cce7e8d49,intento,NEO,80,Masculino,error,House of the Witch,Fantastic Four,Facil
1656099981.3986244,f95db774-0975-4bae-8aea-882cce7e8d49,intento,NEO,80,Masculino,error,Assassination Classroom: Graduation,Tombstone of the Fireflies,Facil
1656099983.8087313,f95db774-0975-4bae-8aea-882cce7e8d49,fin,NEO,80,Masculino,finalizada,,,Facil
1656019965.0089715,b238cc1c-0ba9-4349-a658-ed4a8873db43,inicio_partida,Amelia,30,Femenino,,,,Personalizado
1656019966.4082527,b238cc1c-0ba9-4349-a658-ed4a8873db43,intento,Amelia,30,Femenino,error,The Land Before Time: The Great Valley Adventure,The Matrix Reloaded,Personalizado
1656019971.4937747,b238cc1c-0ba9-4349-a658-ed4a8873db43,timeout,Amelia,30,Femenino,error,,Dead Man Down,Personalizado
1656019974.2447202,b238cc1c-0ba9-4349-a658-ed4a8873db43,intento,Amelia,30,Femenino,error,Kids Return,My Friend's Mom,Personalizado
1656019976.3762774,b238cc1c-0ba9-4349-a658-ed4a8873db43,pasar,Amelia,30,Femenino,,,Taya,Personalizado
1656019978.803809,b238cc1c-0ba9-4349-a658-ed4a8873db43,intento,Amelia,30,Femenino,error,Team Thor: Part 2,Gurren Lagann the Movie: The Lights in the Sky Are Stars,Personalizado
1656019982.3170955,b238cc1c-0ba9-4349-a658-ed4a8873db43,fin,Amelia,30,Femenino,finalizada,,,Personalizado
1656020014.052792,789e53ea-2893-4232-a532-12085766bdec,inicio_partida,NEO,80,Masculino,,,,Personalizado
1656020018.1080701,789e53ea-2893-4232-a532-12085766bdec,timeout,NEO,80,Masculino,error,,Scooby-Doo! Abracadabra-Doo,Personalizado
1656020022.8293629,789e53ea-2893-4232-a532-12085766bdec,intento,NEO,80,Masculino,ok,Barbie & Chelsea: The Lost Birthday,Barbie & Chelsea: The Lost Birthday,Personalizado
1656020027.8619752,789e53ea-2893-4232-a532-12085766bdec,timeout,NEO,80,Masculino,error,,Cop Land,Personalizado
1656020030.5072348,789e53ea-2893-4232-a532-12085766bdec,pasar,NEO,80,Masculino,,,El día de los albañiles: Los maistros del amor,Personalizado
1656020035.5235057,789e53ea-2893-4232-a532-12085766bdec,timeout,NEO,80,Masculino,error,,Von Ryan's Express,Personalizado
1656020038.4721024,789e53ea-2893-4232-a532-12085766bdec,fin,NEO,80,Masculino,finalizada,,,Personalizado
1656020056.6135428,159b1130-8876-4f64-9dfa-1f2d0015c1bd,inicio_partida,NEO,80,Masculino,,,,Dificil
1656020060.6645405,159b1130-8876-4f64-9dfa-1f2d0015c1bd,timeout,NEO,80,Masculino,error,,Marc Cardona,Dificil
1656020063.1302404,159b1130-8876-4f64-9dfa-1f2d0015c1bd,intento,NEO,80,Masculino,error,Choi Chul Soon,Ben Wiles,Dificil
1656020065.7745094,159b1130-8876-4f64-9dfa-1f2d0015c1bd,intento,NEO,80,Masculino,error,Lee Cattermole,Adam Larsen Kwarasey,Dificil
1656020068.123574,159b1130-8876-4f64-9dfa-1f2d0015c1bd,intento,NEO,80,Masculino,error,Serhii Miakushko,David Silva,Dificil
1656020070.7257862,159b1130-8876-4f64-9dfa-1f2d0015c1bd,intento,NEO,80,Masculino,error,Nobuhisa Urata,Yanick van Osch,Dificil
1656020073.1438332,159b1130-8876-4f64-9dfa-1f2d0015c1bd,fin,NEO,80,Masculino,finalizada,,,Dificil
1656020245.0993097,be7e42a2-2acd-4fa4-803d-ad3dff7c57b2,inicio_partida,kaggel,28,No Binario,,,,Dificil
1656020249.1093566,be7e42a2-2acd-4fa4-803d-ad3dff7c57b2,timeout,kaggel,28,No Binario,error,,Maximiliano Cerato,Dificil
1656020254.2040162,be7e42a2-2acd-4fa4-803d-ad3dff7c57b2,timeout,kaggel,28,No Binario,error,,Tarek Hamed,Dificil
1656020259.262075,be7e42a2-2acd-4fa4-803d-ad3dff7c57b2,timeout,kaggel,28,No Binario,error,,Mikhail Ignatov,Dificil
1656020264.358367,be7e42a2-2acd-4fa4-803d-ad3dff7c57b2,timeout,kaggel,28,No Binario,error,,Welinton Júnior,Dificil
1656020268.9017065,be7e42a2-2acd-4fa4-803d-ad3dff7c57b2,intento,kaggel,28,No Binario,error,Luis Paezinho,Jan Sobocinski,Dificil
1656020270.930318,be7e42a2-2acd-4fa4-803d-ad3dff7c57b2,fin,kaggel,28,No Binario,finalizada,,,Dificil
1656106773.8719916,85609195-440a-45b4-aac5-ffed387829ca,inicio_partida,kaggel,28,No Binario,,,,Dificil
1656106775.7453294,85609195-440a-45b4-aac5-ffed387829ca,intento,kaggel,28,No Binario,ok,Wild Orchid,Wild Orchid,Dificil
1656106780.825776,85609195-440a-45b4-aac5-ffed387829ca,timeout,kaggel,28,No Binario,error,,"Madrid, 1987",Dificil
1656106785.8461022,85609195-440a-45b4-aac5-ffed387829ca,timeout,kaggel,28,No Binario,error,,The Bride,Dificil
1656106790.1687503,85609195-440a-45b4-aac5-ffed387829ca,intento,kaggel,28,No Binario,error,Donkey X,Balto III: Wings of Change,Dificil
1656106793.8003776,85609195-440a-45b4-aac5-ffed387829ca,intento,kaggel,28,No Binario,error,College,John Wick: Chapter 3 - Parabellum,Dificil
1656106797.6442375,85609195-440a-45b4-aac5-ffed387829ca,fin,kaggel,28,No Binario,finalizada,,,Dificil
1656108609.4751506,333749d5-1ff7-45a1-9e83-47f1820a0d50,inicio_partida,Fuwa,19,Femenino,,,,Dificil
1656108610.6196144,333749d5-1ff7-45a1-9e83-47f1820a0d50,intento,Fuwa,19,Femenino,ok,Kazuki Kozuka,Kazuki Kozuka,Dificil
1656108614.7967422,333749d5-1ff7-45a1-9e83-47f1820a0d50,pasar,Fuwa,19,Femenino,,,Jesper Lindstrøm,Dificil
1656108617.1486218,333749d5-1ff7-45a1-9e83-47f1820a0d50,intento,Fuwa,19,Femenino,ok,Rob Dickie,Rob Dickie,Dificil
1656108619.7079868,333749d5-1ff7-45a1-9e83-47f1820a0d50,intento,Fuwa,19,Femenino,ok,Alex Palmer,Alex Palmer,Dificil
1656108622.8756852,333749d5-1ff7-45a1-9e83-47f1820a0d50,intento,Fuwa,19,Femenino,error,Pascal Schürpf,Paseka Mako,Dificil
1656108624.9717357,333749d5-1ff7-45a1-9e83-47f1820a0d50,fin,Fuwa,19,Femenino,finalizada,,,Dificil
1656113098.8105183,c669cd4d-658f-41a4-aa29-3aa2d4b0aea9,inicio_partida,holaf,20,Trans,,,,Dificil
1656113102.8125155,c669cd4d-658f-41a4-aa29-3aa2d4b0aea9,timeout,holaf,20,Trans,error,,Kharimkotan (Russia),Dificil
1656113105.6040568,c669cd4d-658f-41a4-aa29-3aa2d4b0aea9,intento,holaf,20,Trans,error,Pinatubo (Philippines),Vesuvius (Italy),Dificil
1656113107.534554,c669cd4d-658f-41a4-aa29-3aa2d4b0aea9,pasar,holaf,20,Trans,,,Mayon (Philippines),Dificil
1656113109.6436512,c669cd4d-658f-41a4-aa29-3aa2d4b0aea9,intento,holaf,20,Trans,ok,Iwo-Tori-shima (Japan),Iwo-Tori-shima (Japan),Dificil
1656113114.7264493,c669cd4d-658f-41a4-aa29-3aa2d4b0aea9,timeout,holaf,20,Trans,error,,Vesuvius (Italy),Dificil
1656113117.6793473,c669cd4d-658f-41a4-aa29-3aa2d4b0aea9,fin,holaf,20,Trans,finalizada,,,Dificil
1656113128.2574804,ea29229a-4817-404f-a4d9-c09a03f17edb,inicio_partida,holaf,20,Trans,,,,Normal
1656113129.773651,ea29229a-4817-404f-a4d9-c09a03f17edb,intento,holaf,20,Trans,error,Jackass Presents: Bad Grandpa .5,Naruto Shippuden the Movie: Bonds,Normal
1656113131.5483408,ea29229a-4817-404f-a4d9-c09a03f17edb,pasar,holaf,20,Trans,,,Robinson Crusoe,Normal
1656113134.177447,ea29229a-4817-404f-a4d9-c09a03f17edb,intento,holaf,20,Trans,error,The Day Naruto Became Hokage,The Legend of Tarzan,Normal
1656113138.257465,ea29229a-4817-404f-a4d9-c09a03f17edb,timeout,holaf,20,Trans,error,,Mushi-Shi: The Next Chapter - Drops of Bells,Normal
1656113141.2653484,ea29229a-4817-404f-a4d9-c09a03f17edb,intento,holaf,20,Trans,error,Ocean's Thirteen,Ransom,Normal
1656113144.0058594,ea29229a-4817-404f-a4d9-c09a03f17edb,pasar,holaf,20,Trans,,,His House,Normal
1656113147.0434783,ea29229a-4817-404f-a4d9-c09a03f17edb,fin,holaf,20,Trans,cancelada,,,Normal
